X--Trace 1::[(V(PR3)-V(PR2))],Y--Trace 1::[(V(PR3)-V(PR2))],,X--Trace 2::[-I(Rd:2) | I(PR1)],Y--Trace 2::[-I(Rd:2) | I(PR1)],,X--Trace 3::[V(1) | V(PR3)],Y--Trace 3::[V(1) | V(PR3)]
-7,-0.16516278,,-7,-0.001816671,,-7,-5.183329485
-6.99,-0.164787389,,-6.99,-0.001807141,,-6.99,-5.1828588
-6.98,-0.164409786,,-6.98,-0.001797614,,-6.98,-5.182385927
-6.97,-0.164031618,,-6.97,-0.001788088,,-6.97,-5.181912493
-6.96,-0.163652325,,-6.96,-0.001778562,,-6.96,-5.181437945
-6.95,-0.163271897,,-6.95,-0.001769038,,-6.95,-5.180962274
-6.94,-0.162890326,,-6.94,-0.001759515,,-6.94,-5.180485471
-6.93,-0.162507602,,-6.93,-0.001749992,,-6.93,-5.180007527
-6.92,-0.162123718,,-6.92,-0.001740472,,-6.92,-5.179528433
-6.91,-0.161738662,,-6.91,-0.001730952,,-6.91,-5.17904818
-6.9,-0.161352427,,-6.9,-0.001721433,,-6.9,-5.178566759
-6.89,-0.160965003,,-6.89,-0.001711916,,-6.89,-5.178084161
-6.88,-0.160576379,,-6.88,-0.0017024,,-6.88,-5.177600375
-6.87,-0.160186547,,-6.87,-0.001692885,,-6.87,-5.177115393
-6.86,-0.159795496,,-6.86,-0.001683371,,-6.86,-5.176629204
-6.85,-0.159403217,,-6.85,-0.001673858,,-6.85,-5.176141799
-6.84,-0.159009699,,-6.84,-0.001664347,,-6.84,-5.175653167
-6.83,-0.158614932,,-6.83,-0.001654837,,-6.83,-5.175163299
-6.82,-0.158218906,,-6.82,-0.001645328,,-6.82,-5.174672184
-6.81,-0.157821609,,-6.81,-0.00163582,,-6.81,-5.174179811
-6.8,-0.157423033,,-6.8,-0.001626314,,-6.8,-5.173686171
-6.79,-0.157023164,,-6.79,-0.001616809,,-6.79,-5.173191251
-6.78,-0.156621993,,-6.78,-0.001607305,,-6.78,-5.172695043
-6.77,-0.156219509,,-6.77,-0.001597802,,-6.77,-5.172197534
-6.76,-0.1558157,,-6.76,-0.001588301,,-6.76,-5.171698713
-6.75,-0.155410554,,-6.75,-0.001578801,,-6.75,-5.171198568
-6.74,-0.155004061,,-6.74,-0.001569303,,-6.74,-5.170697089
-6.73,-0.154596207,,-6.73,-0.001559806,,-6.73,-5.170194264
-6.72,-0.154186982,,-6.72,-0.00155031,,-6.72,-5.169690081
-6.71,-0.153776372,,-6.71,-0.001540815,,-6.71,-5.169184527
-6.7,-0.153364367,,-6.7,-0.001531322,,-6.7,-5.168677591
-6.69,-0.152950953,,-6.69,-0.001521831,,-6.69,-5.16816926
-6.68,-0.152536117,,-6.68,-0.00151234,,-6.68,-5.167659521
-6.67,-0.152119847,,-6.67,-0.001502852,,-6.67,-5.167148363
-6.66,-0.151702129,,-6.66,-0.001493364,,-6.66,-5.166635771
-6.65,-0.15128295,,-6.65,-0.001483878,,-6.65,-5.166121733
-6.64,-0.150862298,,-6.64,-0.001474394,,-6.64,-5.165606235
-6.63,-0.150440157,,-6.63,-0.001464911,,-6.63,-5.165089264
-6.62,-0.150016515,,-6.62,-0.001455429,,-6.62,-5.164570806
-6.61,-0.149591356,,-6.61,-0.001445949,,-6.61,-5.164050848
-6.6,-0.149164668,,-6.6,-0.001436471,,-6.6,-5.163529374
-6.59,-0.148736434,,-6.59,-0.001426994,,-6.59,-5.163006371
-6.58,-0.148306641,,-6.58,-0.001417518,,-6.58,-5.162481823
-6.57,-0.147875274,,-6.57,-0.001408044,,-6.57,-5.161955716
-6.56,-0.147442316,,-6.56,-0.001398572,,-6.56,-5.161428036
-6.55,-0.147007753,,-6.55,-0.001389101,,-6.55,-5.160898765
-6.54,-0.146571569,,-6.54,-0.001379632,,-6.54,-5.16036789
-6.53,-0.146133748,,-6.53,-0.001370165,,-6.53,-5.159835394
-6.52,-0.145694273,,-6.52,-0.001360699,,-6.52,-5.15930126
-6.51,-0.145253128,,-6.51,-0.001351235,,-6.51,-5.158765473
-6.5,-0.144810297,,-6.5,-0.001341772,,-6.5,-5.158228016
-6.49,-0.144365761,,-6.49,-0.001332311,,-6.49,-5.157688872
-6.48,-0.143919504,,-6.48,-0.001322852,,-6.48,-5.157148024
-6.47,-0.143471508,,-6.47,-0.001313395,,-6.47,-5.156605454
-6.46,-0.143021755,,-6.46,-0.001303939,,-6.46,-5.156061144
-6.45,-0.142570227,,-6.45,-0.001294485,,-6.45,-5.155515076
-6.44,-0.142116905,,-6.44,-0.001285033,,-6.44,-5.154967232
-6.43,-0.141661769,,-6.43,-0.001275582,,-6.43,-5.154417593
-6.42,-0.141204802,,-6.42,-0.001266134,,-6.42,-5.15386614
-6.41,-0.140745983,,-6.41,-0.001256687,,-6.41,-5.153312854
-6.4,-0.140285292,,-6.4,-0.001247242,,-6.4,-5.152757715
-6.39,-0.139822709,,-6.39,-0.001237799,,-6.39,-5.152200702
-6.38,-0.139358213,,-6.38,-0.001228358,,-6.38,-5.151641795
-6.37,-0.138891784,,-6.37,-0.001218919,,-6.37,-5.151080974
-6.36,-0.138423399,,-6.36,-0.001209482,,-6.36,-5.150518217
-6.35,-0.137953037,,-6.35,-0.001200046,,-6.35,-5.149953502
-6.34,-0.137480676,,-6.34,-0.001190613,,-6.34,-5.149386807
-6.33,-0.137006292,,-6.33,-0.001181182,,-6.33,-5.148818111
-6.32,-0.136529863,,-6.32,-0.001171753,,-6.32,-5.148247389
-6.31,-0.136051366,,-6.31,-0.001162325,,-6.31,-5.14767462
-6.3,-0.135570776,,-6.3,-0.0011529,,-6.3,-5.147099778
-6.29,-0.135088069,,-6.29,-0.001143477,,-6.29,-5.14652284
-6.28,-0.134603219,,-6.28,-0.001134056,,-6.28,-5.145943781
-6.27,-0.134116203,,-6.27,-0.001124637,,-6.27,-5.145362577
-6.26,-0.133626992,,-6.26,-0.001115221,,-6.26,-5.1447792
-6.25,-0.133135562,,-6.25,-0.001105806,,-6.25,-5.144193626
-6.24,-0.132641885,,-6.24,-0.001096394,,-6.24,-5.143605827
-6.23,-0.132145934,,-6.23,-0.001086984,,-6.23,-5.143015776
-6.22,-0.13164768,,-6.22,-0.001077577,,-6.22,-5.142423445
-6.21,-0.131147095,,-6.21,-0.001068171,,-6.21,-5.141828807
-6.2,-0.13064415,,-6.2,-0.001058768,,-6.2,-5.141231831
-6.19,-0.130138814,,-6.19,-0.001049368,,-6.19,-5.140632489
-6.18,-0.129631058,,-6.18,-0.001039969,,-6.18,-5.140030751
-6.17,-0.12912085,,-6.17,-0.001030573,,-6.17,-5.139426584
-6.16,-0.128608159,,-6.16,-0.00102118,,-6.16,-5.138819959
-6.15,-0.128092951,,-6.15,-0.001011789,,-6.15,-5.138210842
-6.14,-0.127575194,,-6.14,-0.001002401,,-6.14,-5.137599202
-6.13,-0.127054853,,-6.13,-0.000993015,,-6.13,-5.136985003
-6.12,-0.126531895,,-6.12,-0.000983632,,-6.12,-5.136368213
-6.11,-0.126006283,,-6.11,-0.000974251,,-6.11,-5.135748795
-6.1,-0.125477982,,-6.1,-0.000964873,,-6.1,-5.135126714
-6.09,-0.124946953,,-6.09,-0.000955498,,-6.09,-5.134501934
-6.08,-0.12441316,,-6.08,-0.000946126,,-6.08,-5.133874416
-6.07,-0.123876563,,-6.07,-0.000936756,,-6.07,-5.133244122
-6.06,-0.123337123,,-6.06,-0.000927389,,-6.06,-5.132611013
-6.05,-0.122794799,,-6.05,-0.000918025,,-6.05,-5.131975048
-6.04,-0.122249549,,-6.04,-0.000908664,,-6.04,-5.131336187
-6.03,-0.121701331,,-6.03,-0.000899306,,-6.03,-5.130694387
-6.02,-0.1211501,,-6.02,-0.00088995,,-6.02,-5.130049604
-6.01,-0.120595813,,-6.01,-0.000880598,,-6.01,-5.129401795
-6,-0.120038423,,-6,-0.000871249,,-6,-5.128750914
-5.99,-0.119477883,,-5.99,-0.000861903,,-5.99,-5.128096914
-5.98,-0.118914145,,-5.98,-0.00085256,,-5.98,-5.127439748
-5.97,-0.11834716,,-5.97,-0.000843221,,-5.97,-5.126779366
-5.96,-0.117776876,,-5.96,-0.000833884,,-5.96,-5.126115719
-5.95,-0.117203242,,-5.95,-0.000824551,,-5.95,-5.125448754
-5.94,-0.116626204,,-5.94,-0.000815222,,-5.94,-5.12477842
-5.93,-0.116045707,,-5.93,-0.000805895,,-5.93,-5.124104661
-5.92,-0.115461696,,-5.92,-0.000796573,,-5.92,-5.123427421
-5.91,-0.114874111,,-5.91,-0.000787253,,-5.91,-5.122746644
-5.9,-0.114282893,,-5.9,-0.000777938,,-5.9,-5.12206227
-5.89,-0.113687982,,-5.89,-0.000768626,,-5.89,-5.121374239
-5.88,-0.113089314,,-5.88,-0.000759318,,-5.88,-5.120682489
-5.87,-0.112486825,,-5.87,-0.000750013,,-5.87,-5.119986956
-5.86,-0.111880441,,-5.86,-0.000740712,,-5.86,-5.119287566
-5.85,-0.111270021,,-5.85,-0.000731416,,-5.85,-5.118584179
-5.84,-0.110655472,,-5.84,-0.000722123,,-5.84,-5.117876705
-5.83,-0.110036721,,-5.83,-0.000712835,,-5.83,-5.11716507
-5.82,-0.10941369,,-5.82,-0.000703551,,-5.82,-5.116449198
-5.81,-0.108786302,,-5.81,-0.000694271,,-5.81,-5.115729011
-5.8,-0.108154474,,-5.8,-0.000684996,,-5.8,-5.115004429
-5.79,-0.107518122,,-5.79,-0.000675725,,-5.79,-5.114275368
-5.78,-0.10687716,,-5.78,-0.000666458,,-5.78,-5.113541743
-5.77,-0.106231499,,-5.77,-0.000657197,,-5.77,-5.112803464
-5.76,-0.105581046,,-5.76,-0.00064794,,-5.76,-5.112060441
-5.75,-0.104925705,,-5.75,-0.000638687,,-5.75,-5.111312579
-5.74,-0.104265378,,-5.74,-0.00062944,,-5.74,-5.11055978
-5.73,-0.103599963,,-5.73,-0.000620198,,-5.73,-5.109801943
-5.72,-0.102929354,,-5.72,-0.000610961,,-5.72,-5.109038964
-5.71,-0.102253442,,-5.71,-0.000601729,,-5.71,-5.108270734
-5.7,-0.101572113,,-5.7,-0.000592503,,-5.7,-5.107497141
-5.69,-0.100885251,,-5.69,-0.000583282,,-5.69,-5.10671807
-5.68,-0.100192734,,-5.68,-0.000574067,,-5.68,-5.1059334
-5.67,-0.099494436,,-5.67,-0.000564857,,-5.67,-5.105143006
-5.66,-0.098790226,,-5.66,-0.000555653,,-5.66,-5.104346758
-5.65,-0.098079968,,-5.65,-0.000546455,,-5.65,-5.103544523
-5.64,-0.097363521,,-5.64,-0.000537264,,-5.64,-5.10273616
-5.63,-0.096640739,,-5.63,-0.000528078,,-5.63,-5.101921524
-5.62,-0.095911469,,-5.62,-0.0005189,,-5.62,-5.101100464
-5.61,-0.095175551,,-5.61,-0.000509727,,-5.61,-5.100272823
-5.6,-0.094432822,,-5.6,-0.000500562,,-5.6,-5.099438437
-5.59,-0.093683108,,-5.59,-0.000491403,,-5.59,-5.098597136
-5.58,-0.092926229,,-5.58,-0.000482251,,-5.58,-5.097748741
-5.57,-0.092161998,,-5.57,-0.000473107,,-5.57,-5.096893067
-5.56,-0.09139022,,-5.56,-0.00046397,,-5.56,-5.09602992
-5.55,-0.090610689,,-5.55,-0.000454841,,-5.55,-5.095159097
-5.54,-0.08982319,,-5.54,-0.00044572,,-5.54,-5.094280386
-5.53,-0.089027501,,-5.53,-0.000436606,,-5.53,-5.093393565
-5.52,-0.088223386,,-5.52,-0.000427502,,-5.52,-5.092498402
-5.51,-0.087410598,,-5.51,-0.000418405,,-5.51,-5.091594651
-5.5,-0.086588879,,-5.5,-0.000409318,,-5.5,-5.090682058
-5.49,-0.085757957,,-5.49,-0.00040024,,-5.49,-5.089760353
-5.48,-0.084917545,,-5.48,-0.000391171,,-5.48,-5.088829253
-5.47,-0.084067344,,-5.47,-0.000382112,,-5.47,-5.087888459
-5.46,-0.083207036,,-5.46,-0.000373062,,-5.46,-5.086937659
-5.45,-0.082336286,,-5.45,-0.000364023,,-5.45,-5.08597652
-5.44,-0.08145474,,-5.44,-0.000354995,,-5.44,-5.085004693
-5.43,-0.080562024,,-5.43,-0.000345978,,-5.43,-5.084021806
-5.42,-0.079657742,,-5.42,-0.000336973,,-5.42,-5.083027468
-5.41,-0.078741475,,-5.41,-0.000327979,,-5.41,-5.082021262
-5.4,-0.077812774,,-5.4,-0.000318997,,-5.4,-5.081002747
-5.39,-0.076871167,,-5.39,-0.000310029,,-5.39,-5.079971452
-5.38,-0.075916147,,-5.38,-0.000301073,,-5.38,-5.078926878
-5.37,-0.074947174,,-5.37,-0.000292132,,-5.37,-5.077868489
-5.36,-0.073963672,,-5.36,-0.000283204,,-5.36,-5.076795715
-5.35,-0.072965024,,-5.35,-0.000274292,,-5.35,-5.075707944
-5.34,-0.071950565,,-5.34,-0.000265395,,-5.34,-5.07460452
-5.33,-0.070919585,,-5.33,-0.000256515,,-5.33,-5.073484737
-5.32,-0.069871315,,-5.32,-0.000247652,,-5.32,-5.072347837
-5.31,-0.068804927,,-5.31,-0.000238807,,-5.31,-5.071192996
-5.3,-0.067719522,,-5.3,-0.000229981,,-5.3,-5.070019328
-5.29,-0.066614127,,-5.29,-0.000221174,,-5.29,-5.068825868
-5.28,-0.065487682,,-5.28,-0.000212388,,-5.28,-5.067611566
-5.27,-0.064339029,,-5.27,-0.000203625,,-5.27,-5.066375276
-5.26,-0.063166901,,-5.26,-0.000194884,,-5.26,-5.065115743
-5.25,-0.061969905,,-5.25,-0.000186168,,-5.25,-5.063831589
-5.24,-0.060746504,,-5.24,-0.000177479,,-5.24,-5.062521291
-5.23,-0.059494999,,-5.23,-0.000168817,,-5.23,-5.061183167
-5.22,-0.058213496,,-5.22,-0.000160185,,-5.22,-5.059815342
-5.21,-0.056899881,,-5.21,-0.000151584,,-5.21,-5.058415723
-5.2,-0.055551778,,-5.2,-0.000143018,,-5.2,-5.056981958
-5.19,-0.054166505,,-5.19,-0.000134489,,-5.19,-5.055511391
-5.18,-0.052741011,,-5.18,-0.000125999,,-5.18,-5.054001001
-5.17,-0.051271804,,-5.17,-0.000117553,,-5.17,-5.05244733
-5.16,-0.049754855,,-5.16,-0.000109154,,-5.16,-5.050846391
-5.15,-0.048185476,,-5.15,-0.000100806,,-5.15,-5.04919354
-5.14,-0.046558158,,-5.14,-9.25167E-05,,-5.14,-5.047483324
-5.13,-0.044866352,,-5.13,-8.42907E-05,,-5.13,-5.045709259
-5.12,-0.043102176,,-5.12,-7.61365E-05,,-5.12,-5.043863541
-5.11,-0.041255998,,-5.11,-6.80634E-05,,-5.11,-5.041936631
-5.1,-0.039315837,,-5.1,-6.00833E-05,,-5.1,-5.03991667
-5.09,-0.037266479,,-5.09,-5.22114E-05,,-5.09,-5.037788593
-5.08,-0.035088101,,-5.08,-4.44672E-05,,-5.08,-5.035532773
-5.07,-0.032754045,,-5.07,-3.68772E-05,,-5.07,-5.033122817
-5.06,-0.030226988,,-5.06,-2.94782E-05,,-5.06,-5.03052177
-5.05,-0.027451807,,-5.05,-2.23249E-05,,-5.05,-5.027675056
-5.04,-0.024340863,,-5.04,-1.55041E-05,,-5.04,-5.024495904
-5.03,-0.020738748,,-5.03,-9.16956E-06,,-5.03,-5.020830444
-5.02,-0.0162946,,-5.02,-3.66871E-06,,-5.02,-5.016331286
-5.01,-0.00989695,,-5.01,-1.0203E-07,,-5.01,-5.00989797
-5,9.79907E-09,,-5,-9.94963E-12,,-5,-4.99999999
-4.99,0.009999924,,-4.99,7.49766E-11,,-4.99,-4.990000075
-4.98,0.019999839,,-4.98,1.59438E-10,,-4.98,-4.980000159
-4.97,0.029999754,,-4.97,2.43551E-10,,-4.97,-4.970000244
-4.96,0.039999669,,-4.96,3.27426E-10,,-4.96,-4.960000327
-4.95,0.049999584,,-4.95,4.1114E-10,,-4.95,-4.950000411
-4.94,0.0599995,,-4.94,4.94746E-10,,-4.94,-4.940000495
-4.93,0.069999416,,-4.93,5.78275E-10,,-4.93,-4.930000578
-4.92,0.079999331,,-4.92,6.61755E-10,,-4.92,-4.920000662
-4.91,0.089999247,,-4.91,7.45201E-10,,-4.91,-4.910000745
-4.9,0.099999163,,-4.9,8.28623E-10,,-4.9,-4.900000829
-4.89,0.109999079,,-4.89,9.12029E-10,,-4.89,-4.890000912
-4.88,0.119998994,,-4.88,9.95424E-10,,-4.88,-4.880000995
-4.87,0.12999891,,-4.87,1.07881E-09,,-4.87,-4.870001079
-4.86,0.139998826,,-4.86,1.1622E-09,,-4.86,-4.860001162
-4.85,0.149998742,,-4.85,1.24558E-09,,-4.85,-4.850001246
-4.84,0.159998658,,-4.84,1.32895E-09,,-4.84,-4.840001329
-4.83,0.169998573,,-4.83,1.41233E-09,,-4.83,-4.830001412
-4.82,0.179998489,,-4.82,1.4957E-09,,-4.82,-4.820001496
-4.81,0.189998405,,-4.81,1.57908E-09,,-4.81,-4.810001579
-4.8,0.199998321,,-4.8,1.66245E-09,,-4.8,-4.800001662
-4.79,0.209998236,,-4.79,1.74582E-09,,-4.79,-4.790001746
-4.78,0.219998152,,-4.78,1.8292E-09,,-4.78,-4.780001829
-4.77,0.229998068,,-4.77,1.91257E-09,,-4.77,-4.770001913
-4.76,0.239997984,,-4.76,1.99594E-09,,-4.76,-4.760001996
-4.75,0.2499979,,-4.75,2.07932E-09,,-4.75,-4.750002079
-4.74,0.259997815,,-4.74,2.16269E-09,,-4.74,-4.740002163
-4.73,0.269997731,,-4.73,2.24606E-09,,-4.73,-4.730002246
-4.72,0.279997647,,-4.72,2.32943E-09,,-4.72,-4.720002329
-4.71,0.289997563,,-4.71,2.41281E-09,,-4.71,-4.710002413
-4.7,0.299997479,,-4.7,2.49618E-09,,-4.7,-4.700002496
-4.69,0.309997394,,-4.69,2.57955E-09,,-4.69,-4.69000258
-4.68,0.31999731,,-4.68,2.66293E-09,,-4.68,-4.680002663
-4.67,0.329997226,,-4.67,2.7463E-09,,-4.67,-4.670002746
-4.66,0.339997142,,-4.66,2.82967E-09,,-4.66,-4.66000283
-4.65,0.349997058,,-4.65,2.91304E-09,,-4.65,-4.650002913
-4.64,0.359996973,,-4.64,2.99642E-09,,-4.64,-4.640002996
-4.63,0.369996889,,-4.63,3.07979E-09,,-4.63,-4.63000308
-4.62,0.379996805,,-4.62,3.16316E-09,,-4.62,-4.620003163
-4.61,0.389996721,,-4.61,3.24653E-09,,-4.61,-4.610003247
-4.6,0.399996637,,-4.6,3.32991E-09,,-4.6,-4.60000333
-4.59,0.409996552,,-4.59,3.41328E-09,,-4.59,-4.590003413
-4.58,0.419996468,,-4.58,3.49665E-09,,-4.58,-4.580003497
-4.57,0.429996384,,-4.57,3.58002E-09,,-4.57,-4.57000358
-4.56,0.4399963,,-4.56,3.6634E-09,,-4.56,-4.560003663
-4.55,0.449996216,,-4.55,3.74677E-09,,-4.55,-4.550003747
-4.54,0.459996131,,-4.54,3.83014E-09,,-4.54,-4.54000383
-4.53,0.469996047,,-4.53,3.91352E-09,,-4.53,-4.530003914
-4.52,0.479995963,,-4.52,3.99689E-09,,-4.52,-4.520003997
-4.51,0.489995879,,-4.51,4.08026E-09,,-4.51,-4.51000408
-4.5,0.499995794,,-4.5,4.16363E-09,,-4.5,-4.500004164
-4.49,0.50999571,,-4.49,4.24701E-09,,-4.49,-4.490004247
-4.48,0.519995626,,-4.48,4.33038E-09,,-4.48,-4.48000433
-4.47,0.529995542,,-4.47,4.41375E-09,,-4.47,-4.470004414
-4.46,0.539995458,,-4.46,4.49712E-09,,-4.46,-4.460004497
-4.45,0.549995373,,-4.45,4.5805E-09,,-4.45,-4.45000458
-4.44,0.559995289,,-4.44,4.66387E-09,,-4.44,-4.440004664
-4.43,0.569995205,,-4.43,4.74724E-09,,-4.43,-4.430004747
-4.42,0.579995121,,-4.42,4.83061E-09,,-4.42,-4.420004831
-4.41,0.589995037,,-4.41,4.91399E-09,,-4.41,-4.410004914
-4.4,0.599994952,,-4.4,4.99736E-09,,-4.4,-4.400004997
-4.39,0.609994868,,-4.39,5.08073E-09,,-4.39,-4.390005081
-4.38,0.619994784,,-4.38,5.1641E-09,,-4.38,-4.380005164
-4.37,0.6299947,,-4.37,5.24748E-09,,-4.37,-4.370005247
-4.36,0.639994616,,-4.36,5.33085E-09,,-4.36,-4.360005331
-4.35,0.649994531,,-4.35,5.41422E-09,,-4.35,-4.350005414
-4.34,0.659994447,,-4.34,5.4976E-09,,-4.34,-4.340005498
-4.33,0.669994363,,-4.33,5.58097E-09,,-4.33,-4.330005581
-4.32,0.679994279,,-4.32,5.66434E-09,,-4.32,-4.320005664
-4.31,0.689994195,,-4.31,5.74771E-09,,-4.31,-4.310005748
-4.3,0.69999411,,-4.3,5.83109E-09,,-4.3,-4.300005831
-4.29,0.709994026,,-4.29,5.91446E-09,,-4.29,-4.290005914
-4.28,0.719993942,,-4.28,5.99783E-09,,-4.28,-4.280005998
-4.27,0.729993858,,-4.27,6.0812E-09,,-4.27,-4.270006081
-4.26,0.739993774,,-4.26,6.16458E-09,,-4.26,-4.260006165
-4.25,0.749993689,,-4.25,6.24795E-09,,-4.25,-4.250006248
-4.24,0.759993605,,-4.24,6.33132E-09,,-4.24,-4.240006331
-4.23,0.769993521,,-4.23,6.41469E-09,,-4.23,-4.230006415
-4.22,0.779993437,,-4.22,6.49807E-09,,-4.22,-4.220006498
-4.21,0.789993353,,-4.21,6.58144E-09,,-4.21,-4.210006581
-4.2,0.799993268,,-4.2,6.66481E-09,,-4.2,-4.200006665
-4.19,0.809993184,,-4.19,6.74818E-09,,-4.19,-4.190006748
-4.18,0.8199931,,-4.18,6.83156E-09,,-4.18,-4.180006832
-4.17,0.829993016,,-4.17,6.91493E-09,,-4.17,-4.170006915
-4.16,0.839992931,,-4.16,6.9983E-09,,-4.16,-4.160006998
-4.15,0.849992847,,-4.15,7.08168E-09,,-4.15,-4.150007082
-4.14,0.859992763,,-4.14,7.16505E-09,,-4.14,-4.140007165
-4.13,0.869992679,,-4.13,7.24842E-09,,-4.13,-4.130007248
-4.12,0.879992595,,-4.12,7.33179E-09,,-4.12,-4.120007332
-4.11,0.88999251,,-4.11,7.41517E-09,,-4.11,-4.110007415
-4.1,0.899992426,,-4.1,7.49854E-09,,-4.1,-4.100007499
-4.09,0.909992342,,-4.09,7.58191E-09,,-4.09,-4.090007582
-4.08,0.919992258,,-4.08,7.66528E-09,,-4.08,-4.080007665
-4.07,0.929992174,,-4.07,7.74866E-09,,-4.07,-4.070007749
-4.06,0.939992089,,-4.06,7.83203E-09,,-4.06,-4.060007832
-4.05,0.949992005,,-4.05,7.9154E-09,,-4.05,-4.050007915
-4.04,0.959991921,,-4.04,7.99877E-09,,-4.04,-4.040007999
-4.03,0.969991837,,-4.03,8.08215E-09,,-4.03,-4.030008082
-4.02,0.979991753,,-4.02,8.16552E-09,,-4.02,-4.020008166
-4.01,0.989991668,,-4.01,8.24889E-09,,-4.01,-4.010008249
-4,0.999991584,,-4,8.33226E-09,,-4,-4.000008332
-3.99,1.0099915,,-3.99,8.41564E-09,,-3.99,-3.990008416
-3.98,1.019991416,,-3.98,8.49901E-09,,-3.98,-3.980008499
-3.97,1.029991332,,-3.97,8.58238E-09,,-3.97,-3.970008582
-3.96,1.039991247,,-3.96,8.66576E-09,,-3.96,-3.960008666
-3.95,1.049991163,,-3.95,8.74913E-09,,-3.95,-3.950008749
-3.94,1.059991079,,-3.94,8.8325E-09,,-3.94,-3.940008833
-3.93,1.069990995,,-3.93,8.91587E-09,,-3.93,-3.930008916
-3.92,1.079990911,,-3.92,8.99925E-09,,-3.92,-3.920008999
-3.91,1.089990826,,-3.91,9.08262E-09,,-3.91,-3.910009083
-3.9,1.099990742,,-3.9,9.16599E-09,,-3.9,-3.900009166
-3.89,1.109990658,,-3.89,9.24936E-09,,-3.89,-3.890009249
-3.88,1.119990574,,-3.88,9.33274E-09,,-3.88,-3.880009333
-3.87,1.12999049,,-3.87,9.41611E-09,,-3.87,-3.870009416
-3.86,1.139990405,,-3.86,9.49948E-09,,-3.86,-3.860009499
-3.85,1.149990321,,-3.85,9.58285E-09,,-3.85,-3.850009583
-3.84,1.159990237,,-3.84,9.66623E-09,,-3.84,-3.840009666
-3.83,1.169990153,,-3.83,9.7496E-09,,-3.83,-3.83000975
-3.82,1.179990068,,-3.82,9.83297E-09,,-3.82,-3.820009833
-3.81,1.189989984,,-3.81,9.91634E-09,,-3.81,-3.810009916
-3.8,1.1999899,,-3.8,9.99972E-09,,-3.8,-3.80001
-3.79,1.209989816,,-3.79,1.00831E-08,,-3.79,-3.790010083
-3.78,1.219989732,,-3.78,1.01665E-08,,-3.78,-3.780010166
-3.77,1.229989647,,-3.77,1.02498E-08,,-3.77,-3.77001025
-3.76,1.239989563,,-3.76,1.03332E-08,,-3.76,-3.760010333
-3.75,1.249989479,,-3.75,1.04166E-08,,-3.75,-3.750010417
-3.74,1.259989395,,-3.74,1.05E-08,,-3.74,-3.7400105
-3.73,1.269989311,,-3.73,1.05833E-08,,-3.73,-3.730010583
-3.72,1.279989226,,-3.72,1.06667E-08,,-3.72,-3.720010667
-3.71,1.289989142,,-3.71,1.07501E-08,,-3.71,-3.71001075
-3.7,1.299989058,,-3.7,1.08334E-08,,-3.7,-3.700010833
-3.69,1.309988974,,-3.69,1.09168E-08,,-3.69,-3.690010917
-3.68,1.31998889,,-3.68,1.10002E-08,,-3.68,-3.680011
-3.67,1.329988805,,-3.67,1.10836E-08,,-3.67,-3.670011084
-3.66,1.339988721,,-3.66,1.11669E-08,,-3.66,-3.660011167
-3.65,1.349988637,,-3.65,1.12503E-08,,-3.65,-3.65001125
-3.64,1.359988553,,-3.64,1.13337E-08,,-3.64,-3.640011334
-3.63,1.369988469,,-3.63,1.14171E-08,,-3.63,-3.630011417
-3.62,1.379988384,,-3.62,1.15004E-08,,-3.62,-3.6200115
-3.61,1.3899883,,-3.61,1.15838E-08,,-3.61,-3.610011584
-3.6,1.399988216,,-3.6,1.16672E-08,,-3.6,-3.600011667
-3.59,1.409988132,,-3.59,1.17505E-08,,-3.59,-3.590011751
-3.58,1.419988048,,-3.58,1.18339E-08,,-3.58,-3.580011834
-3.57,1.429987963,,-3.57,1.19173E-08,,-3.57,-3.570011917
-3.56,1.439987879,,-3.56,1.20007E-08,,-3.56,-3.560012001
-3.55,1.449987795,,-3.55,1.2084E-08,,-3.55,-3.550012084
-3.54,1.459987711,,-3.54,1.21674E-08,,-3.54,-3.540012167
-3.53,1.469987626,,-3.53,1.22508E-08,,-3.53,-3.530012251
-3.52,1.479987542,,-3.52,1.23342E-08,,-3.52,-3.520012334
-3.51,1.489987458,,-3.51,1.24175E-08,,-3.51,-3.510012418
-3.5,1.499987374,,-3.5,1.25009E-08,,-3.5,-3.500012501
-3.49,1.50998729,,-3.49,1.25843E-08,,-3.49,-3.490012584
-3.48,1.519987205,,-3.48,1.26676E-08,,-3.48,-3.480012668
-3.47,1.529987121,,-3.47,1.2751E-08,,-3.47,-3.470012751
-3.46,1.539987037,,-3.46,1.28344E-08,,-3.46,-3.460012834
-3.45,1.549986953,,-3.45,1.29178E-08,,-3.45,-3.450012918
-3.44,1.559986869,,-3.44,1.30011E-08,,-3.44,-3.440013001
-3.43,1.569986784,,-3.43,1.30845E-08,,-3.43,-3.430013085
-3.42,1.5799867,,-3.42,1.31679E-08,,-3.42,-3.420013168
-3.41,1.589986616,,-3.41,1.32512E-08,,-3.41,-3.410013251
-3.4,1.599986532,,-3.4,1.33346E-08,,-3.4,-3.400013335
-3.39,1.609986448,,-3.39,1.3418E-08,,-3.39,-3.390013418
-3.38,1.619986363,,-3.38,1.35014E-08,,-3.38,-3.380013501
-3.37,1.629986279,,-3.37,1.35847E-08,,-3.37,-3.370013585
-3.36,1.639986195,,-3.36,1.36681E-08,,-3.36,-3.360013668
-3.35,1.649986111,,-3.35,1.37515E-08,,-3.35,-3.350013751
-3.34,1.659986027,,-3.34,1.38349E-08,,-3.34,-3.340013835
-3.33,1.669985942,,-3.33,1.39182E-08,,-3.33,-3.330013918
-3.32,1.679985858,,-3.32,1.40016E-08,,-3.32,-3.320014002
-3.31,1.689985774,,-3.31,1.4085E-08,,-3.31,-3.310014085
-3.3,1.69998569,,-3.3,1.41683E-08,,-3.3,-3.300014168
-3.29,1.709985606,,-3.29,1.42517E-08,,-3.29,-3.290014252
-3.28,1.719985521,,-3.28,1.43351E-08,,-3.28,-3.280014335
-3.27,1.729985437,,-3.27,1.44185E-08,,-3.27,-3.270014418
-3.26,1.739985353,,-3.26,1.45018E-08,,-3.26,-3.260014502
-3.25,1.749985269,,-3.25,1.45852E-08,,-3.25,-3.250014585
-3.24,1.759985185,,-3.24,1.46686E-08,,-3.24,-3.240014669
-3.23,1.7699851,,-3.23,1.4752E-08,,-3.23,-3.230014752
-3.22,1.779985016,,-3.22,1.48353E-08,,-3.22,-3.220014835
-3.21,1.789984932,,-3.21,1.49187E-08,,-3.21,-3.210014919
-3.2,1.799984848,,-3.2,1.50021E-08,,-3.2,-3.200015002
-3.19,1.809984763,,-3.19,1.50854E-08,,-3.19,-3.190015085
-3.18,1.819984679,,-3.18,1.51688E-08,,-3.18,-3.180015169
-3.17,1.829984595,,-3.17,1.52522E-08,,-3.17,-3.170015252
-3.16,1.839984511,,-3.16,1.53356E-08,,-3.16,-3.160015336
-3.15,1.849984427,,-3.15,1.54189E-08,,-3.15,-3.150015419
-3.14,1.859984342,,-3.14,1.55023E-08,,-3.14,-3.140015502
-3.13,1.869984258,,-3.13,1.55857E-08,,-3.13,-3.130015586
-3.12,1.879984174,,-3.12,1.56691E-08,,-3.12,-3.120015669
-3.11,1.88998409,,-3.11,1.57524E-08,,-3.11,-3.110015752
-3.1,1.899984006,,-3.1,1.58358E-08,,-3.1,-3.100015836
-3.09,1.909983921,,-3.09,1.59192E-08,,-3.09,-3.090015919
-3.08,1.919983837,,-3.08,1.60025E-08,,-3.08,-3.080016003
-3.07,1.929983753,,-3.07,1.60859E-08,,-3.07,-3.070016086
-3.06,1.939983669,,-3.06,1.61693E-08,,-3.06,-3.060016169
-3.05,1.949983585,,-3.05,1.62527E-08,,-3.05,-3.050016253
-3.04,1.9599835,,-3.04,1.6336E-08,,-3.04,-3.040016336
-3.03,1.969983416,,-3.03,1.64194E-08,,-3.03,-3.030016419
-3.02,1.979983332,,-3.02,1.65028E-08,,-3.02,-3.020016503
-3.01,1.989983248,,-3.01,1.65862E-08,,-3.01,-3.010016586
-3,1.999983164,,-3,1.66695E-08,,-3,-3.00001667
-2.99,2.009983079,,-2.99,1.67529E-08,,-2.99,-2.990016753
-2.98,2.019982995,,-2.98,1.68363E-08,,-2.98,-2.980016836
-2.97,2.029982911,,-2.97,1.69196E-08,,-2.97,-2.97001692
-2.96,2.039982827,,-2.96,1.7003E-08,,-2.96,-2.960017003
-2.95,2.049982743,,-2.95,1.70864E-08,,-2.95,-2.950017086
-2.94,2.059982658,,-2.94,1.71698E-08,,-2.94,-2.94001717
-2.93,2.069982574,,-2.93,1.72531E-08,,-2.93,-2.930017253
-2.92,2.07998249,,-2.92,1.73365E-08,,-2.92,-2.920017337
-2.91,2.089982406,,-2.91,1.74199E-08,,-2.91,-2.91001742
-2.9,2.099982322,,-2.9,1.75033E-08,,-2.9,-2.900017503
-2.89,2.109982237,,-2.89,1.75866E-08,,-2.89,-2.890017587
-2.88,2.119982153,,-2.88,1.767E-08,,-2.88,-2.88001767
-2.87,2.129982069,,-2.87,1.77534E-08,,-2.87,-2.870017753
-2.86,2.139981985,,-2.86,1.78367E-08,,-2.86,-2.860017837
-2.85,2.1499819,,-2.85,1.79201E-08,,-2.85,-2.85001792
-2.84,2.159981816,,-2.84,1.80035E-08,,-2.84,-2.840018003
-2.83,2.169981732,,-2.83,1.80869E-08,,-2.83,-2.830018087
-2.82,2.179981648,,-2.82,1.81702E-08,,-2.82,-2.82001817
-2.81,2.189981564,,-2.81,1.82536E-08,,-2.81,-2.810018254
-2.8,2.199981479,,-2.8,1.8337E-08,,-2.8,-2.800018337
-2.79,2.209981395,,-2.79,1.84204E-08,,-2.79,-2.79001842
-2.78,2.219981311,,-2.78,1.85037E-08,,-2.78,-2.780018504
-2.77,2.229981227,,-2.77,1.85871E-08,,-2.77,-2.770018587
-2.76,2.239981143,,-2.76,1.86705E-08,,-2.76,-2.76001867
-2.75,2.249981058,,-2.75,1.87538E-08,,-2.75,-2.750018754
-2.74,2.259980974,,-2.74,1.88372E-08,,-2.74,-2.740018837
-2.73,2.26998089,,-2.73,1.89206E-08,,-2.73,-2.730018921
-2.72,2.279980806,,-2.72,1.9004E-08,,-2.72,-2.720019004
-2.71,2.289980722,,-2.71,1.90873E-08,,-2.71,-2.710019087
-2.7,2.299980637,,-2.7,1.91707E-08,,-2.7,-2.700019171
-2.69,2.309980553,,-2.69,1.92541E-08,,-2.69,-2.690019254
-2.68,2.319980469,,-2.68,1.93375E-08,,-2.68,-2.680019337
-2.67,2.329980385,,-2.67,1.94208E-08,,-2.67,-2.670019421
-2.66,2.339980301,,-2.66,1.95042E-08,,-2.66,-2.660019504
-2.65,2.349980216,,-2.65,1.95876E-08,,-2.65,-2.650019588
-2.64,2.359980132,,-2.64,1.96709E-08,,-2.64,-2.640019671
-2.63,2.369980048,,-2.63,1.97543E-08,,-2.63,-2.630019754
-2.62,2.379979964,,-2.62,1.98377E-08,,-2.62,-2.620019838
-2.61,2.38997988,,-2.61,1.99211E-08,,-2.61,-2.610019921
-2.6,2.399979795,,-2.6,2.00044E-08,,-2.6,-2.600020004
-2.59,2.409979711,,-2.59,2.00878E-08,,-2.59,-2.590020088
-2.58,2.419979627,,-2.58,2.01712E-08,,-2.58,-2.580020171
-2.57,2.429979543,,-2.57,2.02546E-08,,-2.57,-2.570020255
-2.56,2.439979458,,-2.56,2.03379E-08,,-2.56,-2.560020338
-2.55,2.449979374,,-2.55,2.04213E-08,,-2.55,-2.550020421
-2.54,2.45997929,,-2.54,2.05047E-08,,-2.54,-2.540020505
-2.53,2.469979206,,-2.53,2.0588E-08,,-2.53,-2.530020588
-2.52,2.479979122,,-2.52,2.06714E-08,,-2.52,-2.520020671
-2.51,2.489979037,,-2.51,2.07548E-08,,-2.51,-2.510020755
-2.5,2.499978953,,-2.5,2.08382E-08,,-2.5,-2.500020838
-2.49,2.509978869,,-2.49,2.09215E-08,,-2.49,-2.490020922
-2.48,2.519978785,,-2.48,2.10049E-08,,-2.48,-2.480021005
-2.47,2.529978701,,-2.47,2.10883E-08,,-2.47,-2.470021088
-2.46,2.539978616,,-2.46,2.11716E-08,,-2.46,-2.460021172
-2.45,2.549978532,,-2.45,2.1255E-08,,-2.45,-2.450021255
-2.44,2.559978448,,-2.44,2.13384E-08,,-2.44,-2.440021338
-2.43,2.569978364,,-2.43,2.14218E-08,,-2.43,-2.430021422
-2.42,2.57997828,,-2.42,2.15051E-08,,-2.42,-2.420021505
-2.41,2.589978195,,-2.41,2.15885E-08,,-2.41,-2.410021589
-2.4,2.599978111,,-2.4,2.16719E-08,,-2.4,-2.400021672
-2.39,2.609978027,,-2.39,2.17553E-08,,-2.39,-2.390021755
-2.38,2.619977943,,-2.38,2.18386E-08,,-2.38,-2.380021839
-2.37,2.629977859,,-2.37,2.1922E-08,,-2.37,-2.370021922
-2.36,2.639977774,,-2.36,2.20054E-08,,-2.36,-2.360022005
-2.35,2.64997769,,-2.35,2.20887E-08,,-2.35,-2.350022089
-2.34,2.659977606,,-2.34,2.21721E-08,,-2.34,-2.340022172
-2.33,2.669977522,,-2.33,2.22555E-08,,-2.33,-2.330022255
-2.32,2.679977438,,-2.32,2.23389E-08,,-2.32,-2.320022339
-2.31,2.689977353,,-2.31,2.24222E-08,,-2.31,-2.310022422
-2.3,2.699977269,,-2.3,2.25056E-08,,-2.3,-2.300022506
-2.29,2.709977185,,-2.29,2.2589E-08,,-2.29,-2.290022589
-2.28,2.719977101,,-2.28,2.26724E-08,,-2.28,-2.280022672
-2.27,2.729977017,,-2.27,2.27557E-08,,-2.27,-2.270022756
-2.26,2.739976932,,-2.26,2.28391E-08,,-2.26,-2.260022839
-2.25,2.749976848,,-2.25,2.29225E-08,,-2.25,-2.250022922
-2.24,2.759976764,,-2.24,2.30058E-08,,-2.24,-2.240023006
-2.23,2.76997668,,-2.23,2.30892E-08,,-2.23,-2.230023089
-2.22,2.779976595,,-2.22,2.31726E-08,,-2.22,-2.220023173
-2.21,2.789976511,,-2.21,2.3256E-08,,-2.21,-2.210023256
-2.2,2.799976427,,-2.2,2.33393E-08,,-2.2,-2.200023339
-2.19,2.809976343,,-2.19,2.34227E-08,,-2.19,-2.190023423
-2.18,2.819976259,,-2.18,2.35061E-08,,-2.18,-2.180023506
-2.17,2.829976174,,-2.17,2.35895E-08,,-2.17,-2.170023589
-2.16,2.83997609,,-2.16,2.36728E-08,,-2.16,-2.160023673
-2.15,2.849976006,,-2.15,2.37562E-08,,-2.15,-2.150023756
-2.14,2.859975922,,-2.14,2.38396E-08,,-2.14,-2.14002384
-2.13,2.869975838,,-2.13,2.39229E-08,,-2.13,-2.130023923
-2.12,2.879975753,,-2.12,2.40063E-08,,-2.12,-2.120024006
-2.11,2.889975669,,-2.11,2.40897E-08,,-2.11,-2.11002409
-2.1,2.899975585,,-2.1,2.41731E-08,,-2.1,-2.100024173
-2.09,2.909975501,,-2.09,2.42564E-08,,-2.09,-2.090024256
-2.08,2.919975417,,-2.08,2.43398E-08,,-2.08,-2.08002434
-2.07,2.929975332,,-2.07,2.44232E-08,,-2.07,-2.070024423
-2.06,2.939975248,,-2.06,2.45066E-08,,-2.06,-2.060024507
-2.05,2.949975164,,-2.05,2.45899E-08,,-2.05,-2.05002459
-2.04,2.95997508,,-2.04,2.46733E-08,,-2.04,-2.040024673
-2.03,2.969974996,,-2.03,2.47567E-08,,-2.03,-2.030024757
-2.02,2.979974911,,-2.02,2.484E-08,,-2.02,-2.02002484
-2.01,2.989974827,,-2.01,2.49234E-08,,-2.01,-2.010024923
-2,2.999974743,,-2,2.50068E-08,,-2,-2.000025007
-1.99,3.009974659,,-1.99,2.50902E-08,,-1.99,-1.99002509
-1.98,3.019974575,,-1.98,2.51735E-08,,-1.98,-1.980025174
-1.97,3.02997449,,-1.97,2.52569E-08,,-1.97,-1.970025257
-1.96,3.039974406,,-1.96,2.53403E-08,,-1.96,-1.96002534
-1.95,3.049974322,,-1.95,2.54237E-08,,-1.95,-1.950025424
-1.94,3.059974238,,-1.94,2.5507E-08,,-1.94,-1.940025507
-1.93,3.069974154,,-1.93,2.55904E-08,,-1.93,-1.93002559
-1.92,3.079974069,,-1.92,2.56738E-08,,-1.92,-1.920025674
-1.91,3.089973985,,-1.91,2.57571E-08,,-1.91,-1.910025757
-1.9,3.099973901,,-1.9,2.58405E-08,,-1.9,-1.900025841
-1.89,3.109973817,,-1.89,2.59239E-08,,-1.89,-1.890025924
-1.88,3.119973732,,-1.88,2.60073E-08,,-1.88,-1.880026007
-1.87,3.129973648,,-1.87,2.60906E-08,,-1.87,-1.870026091
-1.86,3.139973564,,-1.86,2.6174E-08,,-1.86,-1.860026174
-1.85,3.14997348,,-1.85,2.62574E-08,,-1.85,-1.850026257
-1.84,3.159973396,,-1.84,2.63408E-08,,-1.84,-1.840026341
-1.83,3.169973311,,-1.83,2.64241E-08,,-1.83,-1.830026424
-1.82,3.179973227,,-1.82,2.65075E-08,,-1.82,-1.820026507
-1.81,3.189973143,,-1.81,2.65909E-08,,-1.81,-1.810026591
-1.8,3.199973059,,-1.8,2.66742E-08,,-1.8,-1.800026674
-1.79,3.209972975,,-1.79,2.67576E-08,,-1.79,-1.790026758
-1.78,3.21997289,,-1.78,2.6841E-08,,-1.78,-1.780026841
-1.77,3.229972806,,-1.77,2.69244E-08,,-1.77,-1.770026924
-1.76,3.239972722,,-1.76,2.70077E-08,,-1.76,-1.760027008
-1.75,3.249972638,,-1.75,2.70911E-08,,-1.75,-1.750027091
-1.74,3.259972554,,-1.74,2.71745E-08,,-1.74,-1.740027174
-1.73,3.269972469,,-1.73,2.72579E-08,,-1.73,-1.730027258
-1.72,3.279972385,,-1.72,2.73412E-08,,-1.72,-1.720027341
-1.71,3.289972301,,-1.71,2.74246E-08,,-1.71,-1.710027425
-1.7,3.299972217,,-1.7,2.7508E-08,,-1.7,-1.700027508
-1.69,3.309972133,,-1.69,2.75913E-08,,-1.69,-1.690027591
-1.68,3.319972048,,-1.68,2.76747E-08,,-1.68,-1.680027675
-1.67,3.329971964,,-1.67,2.77581E-08,,-1.67,-1.670027758
-1.66,3.33997188,,-1.66,2.78415E-08,,-1.66,-1.660027841
-1.65,3.349971796,,-1.65,2.79248E-08,,-1.65,-1.650027925
-1.64,3.359971712,,-1.64,2.80082E-08,,-1.64,-1.640028008
-1.63,3.369971627,,-1.63,2.80916E-08,,-1.63,-1.630028092
-1.62,3.379971543,,-1.62,2.8175E-08,,-1.62,-1.620028175
-1.61,3.389971459,,-1.61,2.82583E-08,,-1.61,-1.610028258
-1.6,3.399971375,,-1.6,2.83417E-08,,-1.6,-1.600028342
-1.59,3.40997129,,-1.59,2.84251E-08,,-1.59,-1.590028425
-1.58,3.419971206,,-1.58,2.85084E-08,,-1.58,-1.580028508
-1.57,3.429971122,,-1.57,2.85918E-08,,-1.57,-1.570028592
-1.56,3.439971038,,-1.56,2.86752E-08,,-1.56,-1.560028675
-1.55,3.449970954,,-1.55,2.87586E-08,,-1.55,-1.550028759
-1.54,3.459970869,,-1.54,2.88419E-08,,-1.54,-1.540028842
-1.53,3.469970785,,-1.53,2.89253E-08,,-1.53,-1.530028925
-1.52,3.479970701,,-1.52,2.90087E-08,,-1.52,-1.520029009
-1.51,3.489970617,,-1.51,2.9092E-08,,-1.51,-1.510029092
-1.5,3.499970533,,-1.5,2.91754E-08,,-1.5,-1.500029175
-1.49,3.509970448,,-1.49,2.92588E-08,,-1.49,-1.490029259
-1.48,3.519970364,,-1.48,2.93422E-08,,-1.48,-1.480029342
-1.47,3.52997028,,-1.47,2.94255E-08,,-1.47,-1.470029426
-1.46,3.539970196,,-1.46,2.95089E-08,,-1.46,-1.460029509
-1.45,3.549970112,,-1.45,2.95923E-08,,-1.45,-1.450029592
-1.44,3.559970027,,-1.44,2.96757E-08,,-1.44,-1.440029676
-1.43,3.569969943,,-1.43,2.9759E-08,,-1.43,-1.430029759
-1.42,3.579969859,,-1.42,2.98424E-08,,-1.42,-1.420029842
-1.41,3.589969775,,-1.41,2.99258E-08,,-1.41,-1.410029926
-1.4,3.599969691,,-1.4,3.00091E-08,,-1.4,-1.400030009
-1.39,3.609969606,,-1.39,3.00925E-08,,-1.39,-1.390030093
-1.38,3.619969522,,-1.38,3.01759E-08,,-1.38,-1.380030176
-1.37,3.629969438,,-1.37,3.02593E-08,,-1.37,-1.370030259
-1.36,3.639969354,,-1.36,3.03426E-08,,-1.36,-1.360030343
-1.35,3.64996927,,-1.35,3.0426E-08,,-1.35,-1.350030426
-1.34,3.659969185,,-1.34,3.05094E-08,,-1.34,-1.340030509
-1.33,3.669969101,,-1.33,3.05928E-08,,-1.33,-1.330030593
-1.32,3.679969017,,-1.32,3.06761E-08,,-1.32,-1.320030676
-1.31,3.689968933,,-1.31,3.07595E-08,,-1.31,-1.31003076
-1.3,3.699968849,,-1.3,3.08429E-08,,-1.3,-1.300030843
-1.29,3.709968764,,-1.29,3.09262E-08,,-1.29,-1.290030926
-1.28,3.71996868,,-1.28,3.10096E-08,,-1.28,-1.28003101
-1.27,3.729968596,,-1.27,3.1093E-08,,-1.27,-1.270031093
-1.26,3.739968512,,-1.26,3.11764E-08,,-1.26,-1.260031176
-1.25,3.749968427,,-1.25,3.12597E-08,,-1.25,-1.25003126
-1.24,3.759968343,,-1.24,3.13431E-08,,-1.24,-1.240031343
-1.23,3.769968259,,-1.23,3.14265E-08,,-1.23,-1.230031426
-1.22,3.779968175,,-1.22,3.15099E-08,,-1.22,-1.22003151
-1.21,3.789968091,,-1.21,3.15932E-08,,-1.21,-1.210031593
-1.2,3.799968006,,-1.2,3.16766E-08,,-1.2,-1.200031677
-1.19,3.809967922,,-1.19,3.176E-08,,-1.19,-1.19003176
-1.18,3.819967838,,-1.18,3.18433E-08,,-1.18,-1.180031843
-1.17,3.829967754,,-1.17,3.19267E-08,,-1.17,-1.170031927
-1.16,3.83996767,,-1.16,3.20101E-08,,-1.16,-1.16003201
-1.15,3.849967585,,-1.15,3.20935E-08,,-1.15,-1.150032093
-1.14,3.859967501,,-1.14,3.21768E-08,,-1.14,-1.140032177
-1.13,3.869967417,,-1.13,3.22602E-08,,-1.13,-1.13003226
-1.12,3.879967333,,-1.12,3.23436E-08,,-1.12,-1.120032344
-1.11,3.889967249,,-1.11,3.2427E-08,,-1.11,-1.110032427
-1.1,3.899967164,,-1.1,3.25103E-08,,-1.1,-1.10003251
-1.09,3.90996708,,-1.09,3.25937E-08,,-1.09,-1.090032594
-1.08,3.919966996,,-1.08,3.26771E-08,,-1.08,-1.080032677
-1.07,3.929966912,,-1.07,3.27604E-08,,-1.07,-1.07003276
-1.06,3.939966828,,-1.06,3.28438E-08,,-1.06,-1.060032844
-1.05,3.949966743,,-1.05,3.29272E-08,,-1.05,-1.050032927
-1.04,3.959966659,,-1.04,3.30106E-08,,-1.04,-1.040033011
-1.03,3.969966575,,-1.03,3.30939E-08,,-1.03,-1.030033094
-1.02,3.979966491,,-1.02,3.31773E-08,,-1.02,-1.020033177
-1.01,3.989966407,,-1.01,3.32607E-08,,-1.01,-1.010033261
-1,3.999966322,,-1,3.33441E-08,,-1,-1.000033344
-0.99,4.009966238,,-0.99,3.34274E-08,,-0.99,-0.990033427
-0.98,4.019966154,,-0.98,3.35108E-08,,-0.98,-0.980033511
-0.97,4.02996607,,-0.97,3.35942E-08,,-0.97,-0.970033594
-0.96,4.039965986,,-0.96,3.36775E-08,,-0.96,-0.960033678
-0.95,4.049965901,,-0.95,3.37609E-08,,-0.95,-0.950033761
-0.94,4.059965817,,-0.94,3.38443E-08,,-0.94,-0.940033844
-0.93,4.069965733,,-0.93,3.39277E-08,,-0.93,-0.930033928
-0.92,4.079965649,,-0.92,3.4011E-08,,-0.92,-0.920034011
-0.91,4.089965564,,-0.91,3.40944E-08,,-0.91,-0.910034094
-0.9,4.09996548,,-0.9,3.41778E-08,,-0.9,-0.900034178
-0.89,4.109965396,,-0.89,3.42612E-08,,-0.89,-0.890034261
-0.88,4.119965312,,-0.88,3.43445E-08,,-0.88,-0.880034345
-0.87,4.129965228,,-0.87,3.44279E-08,,-0.87,-0.870034428
-0.86,4.139965143,,-0.86,3.45113E-08,,-0.86,-0.860034511
-0.85,4.149965059,,-0.85,3.45946E-08,,-0.85,-0.850034595
-0.84,4.159964975,,-0.84,3.4678E-08,,-0.84,-0.840034678
-0.83,4.169964891,,-0.83,3.47614E-08,,-0.83,-0.830034761
-0.82,4.179964807,,-0.82,3.48448E-08,,-0.82,-0.820034845
-0.81,4.189964722,,-0.81,3.49281E-08,,-0.81,-0.810034928
-0.8,4.199964638,,-0.8,3.50115E-08,,-0.8,-0.800035012
-0.79,4.209964554,,-0.79,3.50949E-08,,-0.79,-0.790035095
-0.78,4.21996447,,-0.78,3.51783E-08,,-0.78,-0.780035178
-0.77,4.229964386,,-0.77,3.52616E-08,,-0.77,-0.770035262
-0.76,4.239964301,,-0.76,3.5345E-08,,-0.76,-0.760035345
-0.75,4.249964217,,-0.75,3.54284E-08,,-0.75,-0.750035428
-0.74,4.259964133,,-0.74,3.55117E-08,,-0.74,-0.740035512
-0.73,4.269964049,,-0.73,3.55951E-08,,-0.73,-0.730035595
-0.72,4.279963965,,-0.72,3.56785E-08,,-0.72,-0.720035678
-0.71,4.28996388,,-0.71,3.57619E-08,,-0.71,-0.710035762
-0.7,4.299963796,,-0.7,3.58452E-08,,-0.7,-0.700035845
-0.69,4.309963712,,-0.69,3.59286E-08,,-0.69,-0.690035929
-0.68,4.319963628,,-0.68,3.6012E-08,,-0.68,-0.680036012
-0.67,4.329963544,,-0.67,3.60954E-08,,-0.67,-0.670036095
-0.66,4.339963459,,-0.66,3.61787E-08,,-0.66,-0.660036179
-0.65,4.349963375,,-0.65,3.62621E-08,,-0.65,-0.650036262
-0.64,4.359963291,,-0.64,3.63455E-08,,-0.64,-0.640036345
-0.63,4.369963207,,-0.63,3.64288E-08,,-0.63,-0.630036429
-0.62,4.379963123,,-0.62,3.65122E-08,,-0.62,-0.620036512
-0.61,4.389963038,,-0.61,3.65956E-08,,-0.61,-0.610036596
-0.6,4.399962954,,-0.6,3.6679E-08,,-0.6,-0.600036679
-0.59,4.40996287,,-0.59,3.67623E-08,,-0.59,-0.590036762
-0.58,4.419962786,,-0.58,3.68457E-08,,-0.58,-0.580036846
-0.57,4.429962701,,-0.57,3.69291E-08,,-0.57,-0.570036929
-0.56,4.439962617,,-0.56,3.70124E-08,,-0.56,-0.560037012
-0.55,4.449962533,,-0.55,3.70958E-08,,-0.55,-0.550037096
-0.54,4.459962449,,-0.54,3.71792E-08,,-0.54,-0.540037179
-0.53,4.469962365,,-0.53,3.72626E-08,,-0.53,-0.530037263
-0.52,4.47996228,,-0.52,3.73459E-08,,-0.52,-0.520037346
-0.51,4.489962196,,-0.51,3.74293E-08,,-0.51,-0.510037429
-0.5,4.499962112,,-0.5,3.75127E-08,,-0.5,-0.500037513
-0.49,4.509962028,,-0.49,3.75961E-08,,-0.49,-0.490037596
-0.48,4.519961944,,-0.48,3.76794E-08,,-0.48,-0.480037679
-0.47,4.529961859,,-0.47,3.77628E-08,,-0.47,-0.470037763
-0.46,4.539961775,,-0.46,3.78462E-08,,-0.46,-0.460037846
-0.45,4.549961691,,-0.45,3.79295E-08,,-0.45,-0.45003793
-0.44,4.559961607,,-0.44,3.80129E-08,,-0.44,-0.440038013
-0.43,4.569961523,,-0.43,3.80963E-08,,-0.43,-0.430038096
-0.42,4.579961438,,-0.42,3.81797E-08,,-0.42,-0.42003818
-0.41,4.589961354,,-0.41,3.8263E-08,,-0.41,-0.410038263
-0.4,4.59996127,,-0.4,3.83464E-08,,-0.4,-0.400038346
-0.39,4.609961186,,-0.39,3.84298E-08,,-0.39,-0.39003843
-0.38,4.619961102,,-0.38,3.85132E-08,,-0.38,-0.380038513
-0.37,4.629961017,,-0.37,3.85965E-08,,-0.37,-0.370038597
-0.36,4.639960933,,-0.36,3.86799E-08,,-0.36,-0.36003868
-0.35,4.649960849,,-0.35,3.87633E-08,,-0.35,-0.350038763
-0.34,4.659960765,,-0.34,3.88466E-08,,-0.34,-0.340038847
-0.33,4.669960681,,-0.33,3.893E-08,,-0.33,-0.33003893
-0.32,4.679960596,,-0.32,3.90134E-08,,-0.32,-0.320039013
-0.31,4.689960512,,-0.31,3.90968E-08,,-0.31,-0.310039097
-0.3,4.699960428,,-0.3,3.91801E-08,,-0.3,-0.30003918
-0.29,4.709960344,,-0.29,3.92635E-08,,-0.29,-0.290039264
-0.28,4.719960259,,-0.28,3.93469E-08,,-0.28,-0.280039347
-0.27,4.729960175,,-0.27,3.94303E-08,,-0.27,-0.27003943
-0.26,4.739960091,,-0.26,3.95136E-08,,-0.26,-0.260039514
-0.25,4.749960007,,-0.25,3.9597E-08,,-0.25,-0.250039597
-0.24,4.759959923,,-0.24,3.96804E-08,,-0.24,-0.24003968
-0.23,4.769959838,,-0.23,3.97637E-08,,-0.23,-0.230039764
-0.22,4.779959754,,-0.22,3.98471E-08,,-0.22,-0.220039847
-0.21,4.78995967,,-0.21,3.99305E-08,,-0.21,-0.21003993
-0.2,4.799959586,,-0.2,4.00139E-08,,-0.2,-0.200040014
-0.19,4.809959502,,-0.19,4.00972E-08,,-0.19,-0.190040097
-0.18,4.819959417,,-0.18,4.01806E-08,,-0.18,-0.180040181
-0.17,4.829959333,,-0.17,4.0264E-08,,-0.17,-0.170040264
-0.16,4.839959249,,-0.16,4.03474E-08,,-0.16,-0.160040347
-0.15,4.849959165,,-0.15,4.04307E-08,,-0.15,-0.150040431
-0.14,4.859959081,,-0.14,4.05141E-08,,-0.14,-0.140040514
-0.13,4.869958996,,-0.13,4.05975E-08,,-0.13,-0.130040597
-0.12,4.879958912,,-0.12,4.06808E-08,,-0.12,-0.120040681
-0.11,4.889958828,,-0.11,4.07642E-08,,-0.11,-0.110040764
-0.1,4.899958744,,-0.1,4.08476E-08,,-0.1,-0.100040848
-0.09,4.90995866,,-0.09,4.0931E-08,,-0.09,-0.090040931
-0.08,4.919958575,,-0.08,4.10143E-08,,-0.08,-0.080041014
-0.07,4.929958491,,-0.07,4.10977E-08,,-0.07,-0.070041098
-0.06,4.939958407,,-0.06,4.11811E-08,,-0.06,-0.060041181
-0.05,4.949958323,,-0.05,4.12645E-08,,-0.05,-0.050041264
-0.04,4.959958239,,-0.04,4.13478E-08,,-0.04,-0.040041348
-0.03,4.969958154,,-0.03,4.14312E-08,,-0.03,-0.030041431
-0.02,4.97995807,,-0.02,4.15146E-08,,-0.02,-0.020041515
-0.01,4.989957986,,-0.01,4.15979E-08,,-0.01,-0.010041598
-1.0494E-13,4.999957902,,-1.0494E-13,4.16813E-08,,-1.0494E-13,-4.16813E-05
0.01,5.009957818,,0.01,4.17647E-08,,0.01,0.009958235
0.02,5.019957733,,0.02,4.18481E-08,,0.02,0.019958152
0.03,5.029957649,,0.03,4.19314E-08,,0.03,0.029958069
0.04,5.039957565,,0.04,4.20148E-08,,0.04,0.039957985
0.05,5.049957481,,0.05,4.20982E-08,,0.05,0.049957902
0.06,5.059957396,,0.06,4.21816E-08,,0.06,0.059957818
0.07,5.069957312,,0.07,4.22649E-08,,0.07,0.069957735
0.08,5.079957228,,0.08,4.23483E-08,,0.08,0.079957652
0.09,5.089957144,,0.09,4.24317E-08,,0.09,0.089957568
0.1,5.09995706,,0.1,4.2515E-08,,0.1,0.099957485
0.11,5.109956975,,0.11,4.25984E-08,,0.11,0.109957402
0.12,5.119956891,,0.12,4.26818E-08,,0.12,0.119957318
0.13,5.129956807,,0.13,4.27652E-08,,0.13,0.129957235
0.14,5.139956723,,0.14,4.28485E-08,,0.14,0.139957151
0.15,5.149956639,,0.15,4.29319E-08,,0.15,0.149957068
0.16,5.159956554,,0.16,4.30153E-08,,0.16,0.159956985
0.17,5.16995647,,0.17,4.30987E-08,,0.17,0.169956901
0.18,5.179956386,,0.18,4.3182E-08,,0.18,0.179956818
0.19,5.189956302,,0.19,4.32654E-08,,0.19,0.189956735
0.2,5.199956218,,0.2,4.33488E-08,,0.2,0.199956651
0.21,5.209956133,,0.21,4.34321E-08,,0.21,0.209956568
0.22,5.219956049,,0.22,4.35155E-08,,0.22,0.219956484
0.23,5.229955965,,0.23,4.35989E-08,,0.23,0.229956401
0.24,5.239955881,,0.24,4.36823E-08,,0.24,0.239956318
0.25,5.249955797,,0.25,4.37656E-08,,0.25,0.249956234
0.26,5.259955712,,0.26,4.3849E-08,,0.26,0.259956151
0.27,5.269955628,,0.27,4.39324E-08,,0.27,0.269956068
0.28,5.279955544,,0.28,4.40158E-08,,0.28,0.279955984
0.29,5.28995546,,0.29,4.40991E-08,,0.29,0.289955901
0.3,5.299955376,,0.3,4.41825E-08,,0.3,0.299955818
0.31,5.309955291,,0.31,4.42659E-08,,0.31,0.309955734
0.32,5.319955207,,0.32,4.43492E-08,,0.32,0.319955651
0.33,5.329955123,,0.33,4.44326E-08,,0.33,0.329955567
0.34,5.339955039,,0.34,4.4516E-08,,0.34,0.339955484
0.35,5.349954955,,0.35,4.45994E-08,,0.35,0.349955401
0.36,5.35995487,,0.36,4.46827E-08,,0.36,0.359955317
0.37,5.369954786,,0.37,4.47661E-08,,0.37,0.369955234
0.38,5.379954702,,0.38,4.48495E-08,,0.38,0.379955151
0.39,5.389954618,,0.39,4.49328E-08,,0.39,0.389955067
0.4,5.399954533,,0.4,4.50162E-08,,0.4,0.399954984
0.41,5.409954449,,0.41,4.50996E-08,,0.41,0.4099549
0.42,5.419954365,,0.42,4.5183E-08,,0.42,0.419954817
0.43,5.429954281,,0.43,4.52663E-08,,0.43,0.429954734
0.44,5.439954197,,0.44,4.53497E-08,,0.44,0.43995465
0.45,5.449954112,,0.45,4.54331E-08,,0.45,0.449954567
0.46,5.459954028,,0.46,4.55165E-08,,0.46,0.459954484
0.47,5.469953944,,0.47,4.55998E-08,,0.47,0.4699544
0.48,5.47995386,,0.48,4.56832E-08,,0.48,0.479954317
0.49,5.489953776,,0.49,4.57666E-08,,0.49,0.489954233
0.5,5.499953691,,0.5,4.58499E-08,,0.5,0.49995415
0.51,5.509953607,,0.51,4.59333E-08,,0.51,0.509954067
0.52,5.519953523,,0.52,4.60167E-08,,0.52,0.519953983
0.53,5.529953439,,0.53,4.61001E-08,,0.53,0.5299539
0.54,5.539953355,,0.54,4.61834E-08,,0.54,0.539953817
0.55,5.54995327,,0.55,4.62668E-08,,0.55,0.549953733
0.56,5.559953186,,0.56,4.63502E-08,,0.56,0.55995365
0.57,5.569953102,,0.57,4.64336E-08,,0.57,0.569953566
0.58,5.579953018,,0.58,4.65169E-08,,0.58,0.579953483
0.59,5.589952934,,0.59,4.66003E-08,,0.59,0.5899534
0.6,5.599952849,,0.6,4.66837E-08,,0.6,0.599953316
0.61,5.609952765,,0.61,4.6767E-08,,0.61,0.609953233
0.62,5.619952681,,0.62,4.68504E-08,,0.62,0.61995315
0.63,5.629952597,,0.63,4.69338E-08,,0.63,0.629953066
0.64,5.639952513,,0.64,4.70172E-08,,0.64,0.639952983
0.65,5.649952428,,0.65,4.71005E-08,,0.65,0.649952899
0.66,5.659952344,,0.66,4.71839E-08,,0.66,0.659952816
0.67,5.66995226,,0.67,4.72673E-08,,0.67,0.669952733
0.68,5.679952176,,0.68,4.73507E-08,,0.68,0.679952649
0.69,5.689952091,,0.69,4.7434E-08,,0.69,0.689952566
0.7,5.699952007,,0.7,4.75174E-08,,0.7,0.699952483
0.71,5.709951923,,0.71,4.76008E-08,,0.71,0.709952399
0.72,5.719951839,,0.72,4.76841E-08,,0.72,0.719952316
0.73,5.729951755,,0.73,4.77675E-08,,0.73,0.729952232
0.74,5.73995167,,0.74,4.78509E-08,,0.74,0.739952149
0.75,5.749951586,,0.75,4.79343E-08,,0.75,0.749952066
0.76,5.759951502,,0.76,4.80176E-08,,0.76,0.759951982
0.77,5.769951418,,0.77,4.8101E-08,,0.77,0.769951899
0.78,5.779951334,,0.78,4.81844E-08,,0.78,0.779951816
0.79,5.789951249,,0.79,4.82678E-08,,0.79,0.789951732
0.8,5.799951165,,0.8,4.83511E-08,,0.8,0.799951649
0.81,5.809951081,,0.81,4.84345E-08,,0.81,0.809951566
0.82,5.819950997,,0.82,4.85179E-08,,0.82,0.819951482
0.83,5.829950913,,0.83,4.86012E-08,,0.83,0.829951399
0.84,5.839950828,,0.84,4.86846E-08,,0.84,0.839951315
0.85,5.849950744,,0.85,4.8768E-08,,0.85,0.849951232
0.86,5.85995066,,0.86,4.88514E-08,,0.86,0.859951149
0.87,5.869950576,,0.87,4.89347E-08,,0.87,0.869951065
0.88,5.879950492,,0.88,4.90181E-08,,0.88,0.879950982
0.89,5.889950407,,0.89,4.91015E-08,,0.89,0.889950899
0.9,5.899950323,,0.9,4.91849E-08,,0.9,0.899950815
0.91,5.909950239,,0.91,4.92682E-08,,0.91,0.909950732
0.92,5.919950155,,0.92,4.93516E-08,,0.92,0.919950648
0.93,5.929950071,,0.93,4.9435E-08,,0.93,0.929950565
0.94,5.939949986,,0.94,4.95183E-08,,0.94,0.939950482
0.95,5.949949902,,0.95,4.96017E-08,,0.95,0.949950398
0.96,5.959949818,,0.96,4.96851E-08,,0.96,0.959950315
0.97,5.969949734,,0.97,4.97685E-08,,0.97,0.969950232
0.98,5.97994965,,0.98,4.98518E-08,,0.98,0.979950148
0.99,5.989949565,,0.99,4.99352E-08,,0.99,0.989950065
1,5.999949481,,1,5.00186E-08,,1,0.999949981
1.01,6.009949397,,1.01,5.0102E-08,,1.01,1.009949898
1.02,6.019949313,,1.02,5.01853E-08,,1.02,1.019949815
1.03,6.029949228,,1.03,5.02687E-08,,1.03,1.029949731
1.04,6.039949144,,1.04,5.03521E-08,,1.04,1.039949648
1.05,6.04994906,,1.05,5.04354E-08,,1.05,1.049949565
1.06,6.059948976,,1.06,5.05188E-08,,1.06,1.059949481
1.07,6.069948892,,1.07,5.06022E-08,,1.07,1.069949398
1.08,6.079948807,,1.08,5.06856E-08,,1.08,1.079949314
1.09,6.089948723,,1.09,5.07689E-08,,1.09,1.089949231
1.1,6.099948639,,1.1,5.08523E-08,,1.1,1.099949148
1.11,6.109948555,,1.11,5.09357E-08,,1.11,1.109949064
1.12,6.119948471,,1.12,5.10191E-08,,1.12,1.119948981
1.13,6.129948386,,1.13,5.11024E-08,,1.13,1.129948898
1.14,6.139948302,,1.14,5.11858E-08,,1.14,1.139948814
1.15,6.149948218,,1.15,5.12692E-08,,1.15,1.149948731
1.16,6.159948134,,1.16,5.13525E-08,,1.16,1.159948647
1.17,6.16994805,,1.17,5.14359E-08,,1.17,1.169948564
1.18,6.179947965,,1.18,5.15193E-08,,1.18,1.179948481
1.19,6.189947881,,1.19,5.16027E-08,,1.19,1.189948397
1.2,6.199947797,,1.2,5.1686E-08,,1.2,1.199948314
1.21,6.209947713,,1.21,5.17694E-08,,1.21,1.209948231
1.22,6.219947629,,1.22,5.18528E-08,,1.22,1.219948147
1.23,6.229947544,,1.23,5.19362E-08,,1.23,1.229948064
1.24,6.23994746,,1.24,5.20195E-08,,1.24,1.23994798
1.25,6.249947376,,1.25,5.21029E-08,,1.25,1.249947897
1.26,6.259947292,,1.26,5.21863E-08,,1.26,1.259947814
1.27,6.269947208,,1.27,5.22696E-08,,1.27,1.26994773
1.28,6.279947123,,1.28,5.2353E-08,,1.28,1.279947647
1.29,6.289947039,,1.29,5.24364E-08,,1.29,1.289947564
1.3,6.299946955,,1.3,5.25198E-08,,1.3,1.29994748
1.31,6.309946871,,1.31,5.26031E-08,,1.31,1.309947397
1.32,6.319946787,,1.32,5.26865E-08,,1.32,1.319947313
1.33,6.329946702,,1.33,5.27699E-08,,1.33,1.32994723
1.34,6.339946618,,1.34,5.28532E-08,,1.34,1.339947147
1.35,6.349946534,,1.35,5.29366E-08,,1.35,1.349947063
1.36,6.35994645,,1.36,5.302E-08,,1.36,1.35994698
1.37,6.369946365,,1.37,5.31034E-08,,1.37,1.369946897
1.38,6.379946281,,1.38,5.31867E-08,,1.38,1.379946813
1.39,6.389946197,,1.39,5.32701E-08,,1.39,1.38994673
1.4,6.399946113,,1.4,5.33535E-08,,1.4,1.399946647
1.41,6.409946029,,1.41,5.34369E-08,,1.41,1.409946563
1.42,6.419945944,,1.42,5.35202E-08,,1.42,1.41994648
1.43,6.42994586,,1.43,5.36036E-08,,1.43,1.429946396
1.44,6.439945776,,1.44,5.3687E-08,,1.44,1.439946313
1.45,6.449945692,,1.45,5.37703E-08,,1.45,1.44994623
1.46,6.459945608,,1.46,5.38537E-08,,1.46,1.459946146
1.47,6.469945523,,1.47,5.39371E-08,,1.47,1.469946063
1.48,6.479945439,,1.48,5.40205E-08,,1.48,1.47994598
1.49,6.489945355,,1.49,5.41038E-08,,1.49,1.489945896
1.5,6.499945271,,1.5,5.41872E-08,,1.5,1.499945813
1.51,6.509945187,,1.51,5.42706E-08,,1.51,1.509945729
1.52,6.519945102,,1.52,5.4354E-08,,1.52,1.519945646
1.53,6.529945018,,1.53,5.44373E-08,,1.53,1.529945563
1.54,6.539944934,,1.54,5.45207E-08,,1.54,1.539945479
1.55,6.54994485,,1.55,5.46041E-08,,1.55,1.549945396
1.56,6.559944766,,1.56,5.46874E-08,,1.56,1.559945313
1.57,6.569944681,,1.57,5.47708E-08,,1.57,1.569945229
1.58,6.579944597,,1.58,5.48542E-08,,1.58,1.579945146
1.59,6.589944513,,1.59,5.49376E-08,,1.59,1.589945062
1.6,6.599944429,,1.6,5.50209E-08,,1.6,1.599944979
1.61,6.609944345,,1.61,5.51043E-08,,1.61,1.609944896
1.62,6.61994426,,1.62,5.51877E-08,,1.62,1.619944812
1.63,6.629944176,,1.63,5.52711E-08,,1.63,1.629944729
1.64,6.639944092,,1.64,5.53544E-08,,1.64,1.639944646
1.65,6.649944008,,1.65,5.54378E-08,,1.65,1.649944562
1.66,6.659943923,,1.66,5.55212E-08,,1.66,1.659944479
1.67,6.669943839,,1.67,5.56045E-08,,1.67,1.669944395
1.68,6.679943755,,1.68,5.56879E-08,,1.68,1.679944312
1.69,6.689943671,,1.69,5.57713E-08,,1.69,1.689944229
1.7,6.699943587,,1.7,5.58547E-08,,1.7,1.699944145
1.71,6.709943502,,1.71,5.5938E-08,,1.71,1.709944062
1.72,6.719943418,,1.72,5.60214E-08,,1.72,1.719943979
1.73,6.729943334,,1.73,5.61048E-08,,1.73,1.729943895
1.74,6.73994325,,1.74,5.61882E-08,,1.74,1.739943812
1.75,6.749943166,,1.75,5.62715E-08,,1.75,1.749943728
1.76,6.759943081,,1.76,5.63549E-08,,1.76,1.759943645
1.77,6.769942997,,1.77,5.64383E-08,,1.77,1.769943562
1.78,6.779942913,,1.78,5.65216E-08,,1.78,1.779943478
1.79,6.789942829,,1.79,5.6605E-08,,1.79,1.789943395
1.8,6.799942745,,1.8,5.66884E-08,,1.8,1.799943312
1.81,6.80994266,,1.81,5.67718E-08,,1.81,1.809943228
1.82,6.819942576,,1.82,5.68551E-08,,1.82,1.819943145
1.83,6.829942492,,1.83,5.69385E-08,,1.83,1.829943061
1.84,6.839942408,,1.84,5.70219E-08,,1.84,1.839942978
1.85,6.849942324,,1.85,5.71053E-08,,1.85,1.849942895
1.86,6.859942239,,1.86,5.71886E-08,,1.86,1.859942811
1.87,6.869942155,,1.87,5.7272E-08,,1.87,1.869942728
1.88,6.879942071,,1.88,5.73554E-08,,1.88,1.879942645
1.89,6.889941987,,1.89,5.74387E-08,,1.89,1.889942561
1.9,6.899941903,,1.9,5.75221E-08,,1.9,1.899942478
1.91,6.909941818,,1.91,5.76055E-08,,1.91,1.909942395
1.92,6.919941734,,1.92,5.76889E-08,,1.92,1.919942311
1.93,6.92994165,,1.93,5.77722E-08,,1.93,1.929942228
1.94,6.939941566,,1.94,5.78556E-08,,1.94,1.939942144
1.95,6.949941482,,1.95,5.7939E-08,,1.95,1.949942061
1.96,6.959941397,,1.96,5.80224E-08,,1.96,1.959941978
1.97,6.969941313,,1.97,5.81057E-08,,1.97,1.969941894
1.98,6.979941229,,1.98,5.81891E-08,,1.98,1.979941811
1.99,6.989941145,,1.99,5.82725E-08,,1.99,1.989941728
2,6.99994106,,2,5.83558E-08,,2,1.999941644
2.01,7.009940976,,2.01,5.84392E-08,,2.01,2.009941561
2.02,7.019940892,,2.02,5.85226E-08,,2.02,2.019941477
2.03,7.029940808,,2.03,5.8606E-08,,2.03,2.029941394
2.04,7.039940724,,2.04,5.86893E-08,,2.04,2.039941311
2.05,7.049940639,,2.05,5.87727E-08,,2.05,2.049941227
2.06,7.059940555,,2.06,5.88561E-08,,2.06,2.059941144
2.07,7.069940471,,2.07,5.89395E-08,,2.07,2.069941061
2.08,7.079940387,,2.08,5.90228E-08,,2.08,2.079940977
2.09,7.089940303,,2.09,5.91062E-08,,2.09,2.089940894
2.1,7.099940218,,2.1,5.91896E-08,,2.1,2.09994081
2.11,7.109940134,,2.11,5.92729E-08,,2.11,2.109940727
2.12,7.11994005,,2.12,5.93563E-08,,2.12,2.119940644
2.13,7.129939966,,2.13,5.94397E-08,,2.13,2.12994056
2.14,7.139939882,,2.14,5.95231E-08,,2.14,2.139940477
2.15,7.149939797,,2.15,5.96064E-08,,2.15,2.149940394
2.16,7.159939713,,2.16,5.96898E-08,,2.16,2.15994031
2.17,7.169939629,,2.17,5.97732E-08,,2.17,2.169940227
2.18,7.179939545,,2.18,5.98565E-08,,2.18,2.179940143
2.19,7.189939461,,2.19,5.99399E-08,,2.19,2.18994006
2.2,7.199939376,,2.2,6.00233E-08,,2.2,2.199939977
2.21,7.209939292,,2.21,6.01067E-08,,2.21,2.209939893
2.22,7.219939208,,2.22,6.019E-08,,2.22,2.21993981
2.23,7.229939124,,2.23,6.02734E-08,,2.23,2.229939727
2.24,7.23993904,,2.24,6.03568E-08,,2.24,2.239939643
2.25,7.249938955,,2.25,6.04402E-08,,2.25,2.24993956
2.26,7.259938871,,2.26,6.05235E-08,,2.26,2.259939476
2.27,7.269938787,,2.27,6.06069E-08,,2.27,2.269939393
2.28,7.279938703,,2.28,6.06903E-08,,2.28,2.27993931
2.29,7.289938619,,2.29,6.07736E-08,,2.29,2.289939226
2.3,7.299938534,,2.3,6.0857E-08,,2.3,2.299939143
2.31,7.30993845,,2.31,6.09404E-08,,2.31,2.30993906
2.32,7.319938366,,2.32,6.10238E-08,,2.32,2.319938976
2.33,7.329938282,,2.33,6.11071E-08,,2.33,2.329938893
2.34,7.339938197,,2.34,6.11905E-08,,2.34,2.339938809
2.35,7.349938113,,2.35,6.12739E-08,,2.35,2.349938726
2.36,7.359938029,,2.36,6.13573E-08,,2.36,2.359938643
2.37,7.369937945,,2.37,6.14406E-08,,2.37,2.369938559
2.38,7.379937861,,2.38,6.1524E-08,,2.38,2.379938476
2.39,7.389937776,,2.39,6.16074E-08,,2.39,2.389938393
2.4,7.399937692,,2.4,6.16907E-08,,2.4,2.399938309
2.41,7.409937608,,2.41,6.17741E-08,,2.41,2.409938226
2.42,7.419937524,,2.42,6.18575E-08,,2.42,2.419938143
2.43,7.42993744,,2.43,6.19409E-08,,2.43,2.429938059
2.44,7.439937355,,2.44,6.20242E-08,,2.44,2.439937976
2.45,7.449937271,,2.45,6.21076E-08,,2.45,2.449937892
2.46,7.459937187,,2.46,6.2191E-08,,2.46,2.459937809
2.47,7.469937103,,2.47,6.22744E-08,,2.47,2.469937726
2.48,7.479937019,,2.48,6.23577E-08,,2.48,2.479937642
2.49,7.489936934,,2.49,6.24411E-08,,2.49,2.489937559
2.5,7.49993685,,2.5,6.25245E-08,,2.5,2.499937476
2.51,7.509936766,,2.51,6.26078E-08,,2.51,2.509937392
2.52,7.519936682,,2.52,6.26912E-08,,2.52,2.519937309
2.53,7.529936598,,2.53,6.27746E-08,,2.53,2.529937225
2.54,7.539936513,,2.54,6.2858E-08,,2.54,2.539937142
2.55,7.549936429,,2.55,6.29413E-08,,2.55,2.549937059
2.56,7.559936345,,2.56,6.30247E-08,,2.56,2.559936975
2.57,7.569936261,,2.57,6.31081E-08,,2.57,2.569936892
2.58,7.579936177,,2.58,6.31915E-08,,2.58,2.579936809
2.59,7.589936092,,2.59,6.32748E-08,,2.59,2.589936725
2.6,7.599936008,,2.6,6.33582E-08,,2.6,2.599936642
2.61,7.609935924,,2.61,6.34416E-08,,2.61,2.609936558
2.62,7.61993584,,2.62,6.35249E-08,,2.62,2.619936475
2.63,7.629935756,,2.63,6.36083E-08,,2.63,2.629936392
2.64,7.639935671,,2.64,6.36917E-08,,2.64,2.639936308
2.65,7.649935587,,2.65,6.37751E-08,,2.65,2.649936225
2.66,7.659935503,,2.66,6.38584E-08,,2.66,2.659936142
2.67,7.669935419,,2.67,6.39418E-08,,2.67,2.669936058
2.68,7.679935334,,2.68,6.40252E-08,,2.68,2.679935975
2.69,7.68993525,,2.69,6.41086E-08,,2.69,2.689935891
2.7,7.699935166,,2.7,6.41919E-08,,2.7,2.699935808
2.71,7.709935082,,2.71,6.42753E-08,,2.71,2.709935725
2.72,7.719934998,,2.72,6.43587E-08,,2.72,2.719935641
2.73,7.729934913,,2.73,6.4442E-08,,2.73,2.729935558
2.74,7.739934829,,2.74,6.45254E-08,,2.74,2.739935475
2.75,7.749934745,,2.75,6.46088E-08,,2.75,2.749935391
2.76,7.759934661,,2.76,6.46922E-08,,2.76,2.759935308
2.77,7.769934577,,2.77,6.47755E-08,,2.77,2.769935224
2.78,7.779934492,,2.78,6.48589E-08,,2.78,2.779935141
2.79,7.789934408,,2.79,6.49423E-08,,2.79,2.789935058
2.8,7.799934324,,2.8,6.50257E-08,,2.8,2.799934974
2.81,7.80993424,,2.81,6.5109E-08,,2.81,2.809934891
2.82,7.819934156,,2.82,6.51924E-08,,2.82,2.819934808
2.83,7.829934071,,2.83,6.52758E-08,,2.83,2.829934724
2.84,7.839933987,,2.84,6.53591E-08,,2.84,2.839934641
2.85,7.849933903,,2.85,6.54425E-08,,2.85,2.849934557
2.86,7.859933819,,2.86,6.55259E-08,,2.86,2.859934474
2.87,7.869933735,,2.87,6.56093E-08,,2.87,2.869934391
2.88,7.87993365,,2.88,6.56926E-08,,2.88,2.879934307
2.89,7.889933566,,2.89,6.5776E-08,,2.89,2.889934224
2.9,7.899933482,,2.9,6.58594E-08,,2.9,2.899934141
2.91,7.909933398,,2.91,6.59428E-08,,2.91,2.909934057
2.92,7.919933314,,2.92,6.60261E-08,,2.92,2.919933974
2.93,7.929933229,,2.93,6.61095E-08,,2.93,2.929933891
2.94,7.939933145,,2.94,6.61929E-08,,2.94,2.939933807
2.95,7.949933061,,2.95,6.62762E-08,,2.95,2.949933724
2.96,7.959932977,,2.96,6.63596E-08,,2.96,2.95993364
2.97,7.969932892,,2.97,6.6443E-08,,2.97,2.969933557
2.98,7.979932808,,2.98,6.65264E-08,,2.98,2.979933474
2.99,7.989932724,,2.99,6.66097E-08,,2.99,2.98993339
3,7.99993264,,3,6.66931E-08,,3,2.999933307
3.01,8.009932556,,3.01,6.67765E-08,,3.01,3.009933224
3.02,8.019932471,,3.02,6.68599E-08,,3.02,3.01993314
3.03,8.029932387,,3.03,6.69432E-08,,3.03,3.029933057
3.04,8.039932303,,3.04,6.70266E-08,,3.04,3.039932973
3.05,8.049932219,,3.05,6.711E-08,,3.05,3.04993289
3.06,8.059932135,,3.06,6.71933E-08,,3.06,3.059932807
3.07,8.06993205,,3.07,6.72767E-08,,3.07,3.069932723
3.08,8.079931966,,3.08,6.73601E-08,,3.08,3.07993264
3.09,8.089931882,,3.09,6.74435E-08,,3.09,3.089932557
3.1,8.099931798,,3.1,6.75268E-08,,3.1,3.099932473
3.11,8.109931714,,3.11,6.76102E-08,,3.11,3.10993239
3.12,8.119931629,,3.12,6.76936E-08,,3.12,3.119932306
3.13,8.129931545,,3.13,6.77769E-08,,3.13,3.129932223
3.14,8.139931461,,3.14,6.78603E-08,,3.14,3.13993214
3.15,8.149931377,,3.15,6.79437E-08,,3.15,3.149932056
3.16,8.159931293,,3.16,6.80271E-08,,3.16,3.159931973
3.17,8.169931208,,3.17,6.81104E-08,,3.17,3.16993189
3.18,8.179931124,,3.18,6.81938E-08,,3.18,3.179931806
3.19,8.18993104,,3.19,6.82772E-08,,3.19,3.189931723
3.2,8.199930956,,3.2,6.83606E-08,,3.2,3.199931639
3.21,8.209930872,,3.21,6.84439E-08,,3.21,3.209931556
3.22,8.219930787,,3.22,6.85273E-08,,3.22,3.219931473
3.23,8.229930703,,3.23,6.86107E-08,,3.23,3.229931389
3.24,8.239930619,,3.24,6.8694E-08,,3.24,3.239931306
3.25,8.249930535,,3.25,6.87774E-08,,3.25,3.249931223
3.26,8.259930451,,3.26,6.88608E-08,,3.26,3.259931139
3.27,8.269930366,,3.27,6.89442E-08,,3.27,3.269931056
3.28,8.279930282,,3.28,6.90275E-08,,3.28,3.279930972
3.29,8.289930198,,3.29,6.91109E-08,,3.29,3.289930889
3.3,8.299930114,,3.3,6.91943E-08,,3.3,3.299930806
3.31,8.309930029,,3.31,6.92777E-08,,3.31,3.309930722
3.32,8.319929945,,3.32,6.9361E-08,,3.32,3.319930639
3.33,8.329929861,,3.33,6.94444E-08,,3.33,3.329930556
3.34,8.339929777,,3.34,6.95278E-08,,3.34,3.339930472
3.35,8.349929693,,3.35,6.96111E-08,,3.35,3.349930389
3.36,8.359929608,,3.36,6.96945E-08,,3.36,3.359930305
3.37,8.369929524,,3.37,6.97779E-08,,3.37,3.369930222
3.38,8.37992944,,3.38,6.98613E-08,,3.38,3.379930139
3.39,8.389929356,,3.39,6.99446E-08,,3.39,3.389930055
3.4,8.399929272,,3.4,7.0028E-08,,3.4,3.399929972
3.41,8.409929187,,3.41,7.01114E-08,,3.41,3.409929889
3.42,8.419929103,,3.42,7.01948E-08,,3.42,3.419929805
3.43,8.429929019,,3.43,7.02781E-08,,3.43,3.429929722
3.44,8.439928935,,3.44,7.03615E-08,,3.44,3.439929638
3.45,8.449928851,,3.45,7.04449E-08,,3.45,3.449929555
3.46,8.459928766,,3.46,7.05282E-08,,3.46,3.459929472
3.47,8.469928682,,3.47,7.06116E-08,,3.47,3.469929388
3.48,8.479928598,,3.48,7.0695E-08,,3.48,3.479929305
3.49,8.489928514,,3.49,7.07784E-08,,3.49,3.489929222
3.5,8.49992843,,3.5,7.08617E-08,,3.5,3.499929138
3.51,8.509928345,,3.51,7.09451E-08,,3.51,3.509929055
3.52,8.519928261,,3.52,7.10285E-08,,3.52,3.519928972
3.53,8.529928177,,3.53,7.11119E-08,,3.53,3.529928888
3.54,8.539928093,,3.54,7.11952E-08,,3.54,3.539928805
3.55,8.549928009,,3.55,7.12786E-08,,3.55,3.549928721
3.56,8.559927924,,3.56,7.1362E-08,,3.56,3.559928638
3.57,8.56992784,,3.57,7.14453E-08,,3.57,3.569928555
3.58,8.579927756,,3.58,7.15287E-08,,3.58,3.579928471
3.59,8.589927672,,3.59,7.16121E-08,,3.59,3.589928388
3.6,8.599927588,,3.6,7.16955E-08,,3.6,3.599928305
3.61,8.609927503,,3.61,7.17788E-08,,3.61,3.609928221
3.62,8.619927419,,3.62,7.18622E-08,,3.62,3.619928138
3.63,8.629927335,,3.63,7.19456E-08,,3.63,3.629928054
3.64,8.639927251,,3.64,7.2029E-08,,3.64,3.639927971
3.65,8.649927166,,3.65,7.21123E-08,,3.65,3.649927888
3.66,8.659927082,,3.66,7.21957E-08,,3.66,3.659927804
3.67,8.669926998,,3.67,7.22791E-08,,3.67,3.669927721
3.68,8.679926914,,3.68,7.23624E-08,,3.68,3.679927638
3.69,8.68992683,,3.69,7.24458E-08,,3.69,3.689927554
3.7,8.699926745,,3.7,7.25292E-08,,3.7,3.699927471
3.71,8.709926661,,3.71,7.26126E-08,,3.71,3.709927387
3.72,8.719926577,,3.72,7.26959E-08,,3.72,3.719927304
3.73,8.729926493,,3.73,7.27793E-08,,3.73,3.729927221
3.74,8.739926409,,3.74,7.28627E-08,,3.74,3.739927137
3.75,8.749926324,,3.75,7.29461E-08,,3.75,3.749927054
3.76,8.75992624,,3.76,7.30294E-08,,3.76,3.759926971
3.77,8.769926156,,3.77,7.31128E-08,,3.77,3.769926887
3.78,8.779926072,,3.78,7.31962E-08,,3.78,3.779926804
3.79,8.789925988,,3.79,7.32795E-08,,3.79,3.78992672
3.8,8.799925903,,3.8,7.33629E-08,,3.8,3.799926637
3.81,8.809925819,,3.81,7.34463E-08,,3.81,3.809926554
3.82,8.819925735,,3.82,7.35297E-08,,3.82,3.81992647
3.83,8.829925651,,3.83,7.3613E-08,,3.83,3.829926387
3.84,8.839925567,,3.84,7.36964E-08,,3.84,3.839926304
3.85,8.849925482,,3.85,7.37798E-08,,3.85,3.84992622
3.86,8.859925398,,3.86,7.38632E-08,,3.86,3.859926137
3.87,8.869925314,,3.87,7.39465E-08,,3.87,3.869926053
3.88,8.87992523,,3.88,7.40299E-08,,3.88,3.87992597
3.89,8.889925146,,3.89,7.41133E-08,,3.89,3.889925887
3.9,8.899925061,,3.9,7.41966E-08,,3.9,3.899925803
3.91,8.909924977,,3.91,7.428E-08,,3.91,3.90992572
3.92,8.919924893,,3.92,7.43634E-08,,3.92,3.919925637
3.93,8.929924809,,3.93,7.44468E-08,,3.93,3.929925553
3.94,8.939924724,,3.94,7.45301E-08,,3.94,3.93992547
3.95,8.94992464,,3.95,7.46135E-08,,3.95,3.949925386
3.96,8.959924556,,3.96,7.46969E-08,,3.96,3.959925303
3.97,8.969924472,,3.97,7.47803E-08,,3.97,3.96992522
3.98,8.979924388,,3.98,7.48636E-08,,3.98,3.979925136
3.99,8.989924303,,3.99,7.4947E-08,,3.99,3.989925053
4,8.999924219,,4,7.50304E-08,,4,3.99992497
4.01,9.009924135,,4.01,7.51137E-08,,4.01,4.009924886
4.02,9.019924051,,4.02,7.51971E-08,,4.02,4.019924803
4.03,9.029923967,,4.03,7.52805E-08,,4.03,4.02992472
4.04,9.039923882,,4.04,7.53639E-08,,4.04,4.039924636
4.05,9.049923798,,4.05,7.54472E-08,,4.05,4.049924553
4.06,9.059923714,,4.06,7.55306E-08,,4.06,4.059924469
4.07,9.06992363,,4.07,7.5614E-08,,4.07,4.069924386
4.08,9.079923546,,4.08,7.56973E-08,,4.08,4.079924303
4.09,9.089923461,,4.09,7.57807E-08,,4.09,4.089924219
4.1,9.099923377,,4.1,7.58641E-08,,4.1,4.099924136
4.11,9.109923293,,4.11,7.59475E-08,,4.11,4.109924053
4.12,9.119923209,,4.12,7.60308E-08,,4.12,4.119923969
4.13,9.129923125,,4.13,7.61142E-08,,4.13,4.129923886
4.14,9.13992304,,4.14,7.61976E-08,,4.14,4.139923802
4.15,9.149922956,,4.15,7.6281E-08,,4.15,4.149923719
4.16,9.159922872,,4.16,7.63643E-08,,4.16,4.159923636
4.17,9.169922788,,4.17,7.64477E-08,,4.17,4.169923552
4.18,9.179922704,,4.18,7.65311E-08,,4.18,4.179923469
4.19,9.189922619,,4.19,7.66144E-08,,4.19,4.189923386
4.2,9.199922535,,4.2,7.66978E-08,,4.2,4.199923302
4.21,9.209922451,,4.21,7.67812E-08,,4.21,4.209923219
4.22,9.219922367,,4.22,7.68646E-08,,4.22,4.219923135
4.23,9.229922283,,4.23,7.69479E-08,,4.23,4.229923052
4.24,9.239922198,,4.24,7.70313E-08,,4.24,4.239922969
4.25,9.249922114,,4.25,7.71147E-08,,4.25,4.249922885
4.26,9.25992203,,4.26,7.71981E-08,,4.26,4.259922802
4.27,9.269921946,,4.27,7.72814E-08,,4.27,4.269922719
4.28,9.279921861,,4.28,7.73648E-08,,4.28,4.279922635
4.29,9.289921777,,4.29,7.74482E-08,,4.29,4.289922552
4.3,9.299921693,,4.3,7.75315E-08,,4.3,4.299922468
4.31,9.309921609,,4.31,7.76149E-08,,4.31,4.309922385
4.32,9.319921525,,4.32,7.76983E-08,,4.32,4.319922302
4.33,9.32992144,,4.33,7.77817E-08,,4.33,4.329922218
4.34,9.339921356,,4.34,7.7865E-08,,4.34,4.339922135
4.35,9.349921272,,4.35,7.79484E-08,,4.35,4.349922052
4.36,9.359921188,,4.36,7.80318E-08,,4.36,4.359921968
4.37,9.369921104,,4.37,7.81152E-08,,4.37,4.369921885
4.38,9.379921019,,4.38,7.81985E-08,,4.38,4.379921801
4.39,9.389920935,,4.39,7.82819E-08,,4.39,4.389921718
4.4,9.399920851,,4.4,7.83653E-08,,4.4,4.399921635
4.41,9.409920767,,4.41,7.84486E-08,,4.41,4.409921551
4.42,9.419920683,,4.42,7.8532E-08,,4.42,4.419921468
4.43,9.429920598,,4.43,7.86154E-08,,4.43,4.429921385
4.44,9.439920514,,4.44,7.86988E-08,,4.44,4.439921301
4.45,9.44992043,,4.45,7.87821E-08,,4.45,4.449921218
4.46,9.459920346,,4.46,7.88655E-08,,4.46,4.459921134
4.47,9.469920262,,4.47,7.89489E-08,,4.47,4.469921051
4.48,9.479920177,,4.48,7.90323E-08,,4.48,4.479920968
4.49,9.489920093,,4.49,7.91156E-08,,4.49,4.489920884
4.5,9.499920009,,4.5,7.9199E-08,,4.5,4.499920801
4.51,9.509919925,,4.51,7.92824E-08,,4.51,4.509920718
4.52,9.519919841,,4.52,7.93657E-08,,4.52,4.519920634
4.53,9.529919756,,4.53,7.94491E-08,,4.53,4.529920551
4.54,9.539919672,,4.54,7.95325E-08,,4.54,4.539920468
4.55,9.549919588,,4.55,7.96159E-08,,4.55,4.549920384
4.56,9.559919504,,4.56,7.96992E-08,,4.56,4.559920301
4.57,9.56991942,,4.57,7.97826E-08,,4.57,4.569920217
4.58,9.579919335,,4.58,7.9866E-08,,4.58,4.579920134
4.59,9.589919251,,4.59,7.99494E-08,,4.59,4.589920051
4.6,9.599919167,,4.6,8.00327E-08,,4.6,4.599919967
4.61,9.609919083,,4.61,8.01161E-08,,4.61,4.609919884
4.62,9.619918998,,4.62,8.01995E-08,,4.62,4.619919801
4.63,9.629918914,,4.63,8.02828E-08,,4.63,4.629919717
4.64,9.63991883,,4.64,8.03662E-08,,4.64,4.639919634
4.65,9.649918746,,4.65,8.04496E-08,,4.65,4.64991955
4.66,9.659918662,,4.66,8.0533E-08,,4.66,4.659919467
4.67,9.669918577,,4.67,8.06163E-08,,4.67,4.669919384
4.68,9.679918493,,4.68,8.06997E-08,,4.68,4.6799193
4.69,9.689918409,,4.69,8.07831E-08,,4.69,4.689919217
4.7,9.699918325,,4.7,8.08665E-08,,4.7,4.699919134
4.71,9.709918241,,4.71,8.09498E-08,,4.71,4.70991905
4.72,9.719918156,,4.72,8.10332E-08,,4.72,4.719918967
4.73,9.729918072,,4.73,8.11166E-08,,4.73,4.729918883
4.74,9.739917988,,4.74,8.11999E-08,,4.74,4.7399188
4.75,9.749917904,,4.75,8.12833E-08,,4.75,4.749918717
4.76,9.75991782,,4.76,8.13667E-08,,4.76,4.759918633
4.77,9.769917735,,4.77,8.14501E-08,,4.77,4.76991855
4.78,9.779917651,,4.78,8.15334E-08,,4.78,4.779918467
4.79,9.789917567,,4.79,8.16168E-08,,4.79,4.789918383
4.8,9.799917483,,4.8,8.17002E-08,,4.8,4.7999183
4.81,9.809917399,,4.81,8.17836E-08,,4.81,4.809918216
4.82,9.819917314,,4.82,8.18669E-08,,4.82,4.819918133
4.83,9.82991723,,4.83,8.19503E-08,,4.83,4.82991805
4.84,9.839917146,,4.84,8.20337E-08,,4.84,4.839917966
4.85,9.849917062,,4.85,8.2117E-08,,4.85,4.849917883
4.86,9.859916978,,4.86,8.22004E-08,,4.86,4.8599178
4.87,9.869916893,,4.87,8.22838E-08,,4.87,4.869917716
4.88,9.879916809,,4.88,8.23672E-08,,4.88,4.879917633
4.89,9.889916725,,4.89,8.24505E-08,,4.89,4.889917549
4.9,9.899916641,,4.9,8.25339E-08,,4.9,4.899917466
4.91,9.909916556,,4.91,8.26173E-08,,4.91,4.909917383
4.92,9.919916472,,4.92,8.27007E-08,,4.92,4.919917299
4.93,9.929916388,,4.93,8.2784E-08,,4.93,4.929917216
4.94,9.939916304,,4.94,8.28674E-08,,4.94,4.939917133
4.95,9.94991622,,4.95,8.29508E-08,,4.95,4.949917049
4.96,9.959916135,,4.96,8.30341E-08,,4.96,4.959916966
4.97,9.969916051,,4.97,8.31175E-08,,4.97,4.969916882
4.98,9.979915967,,4.98,8.32009E-08,,4.98,4.979916799
4.99,9.989915883,,4.99,8.32843E-08,,4.99,4.989916716
5,9.999915799,,5,8.33676E-08,,5,4.999916632
5.01,10.00991571,,5.01,8.3451E-08,,5.01,5.009916549
5.02,10.01991563,,5.02,8.35344E-08,,5.02,5.019916466
5.03,10.02991555,,5.03,8.36177E-08,,5.03,5.029916382
5.04,10.03991546,,5.04,8.37011E-08,,5.04,5.039916299
5.05,10.04991538,,5.05,8.37845E-08,,5.05,5.049916216
5.06,10.05991529,,5.06,8.38679E-08,,5.06,5.059916132
5.07,10.06991521,,5.07,8.39512E-08,,5.07,5.069916049
5.08,10.07991512,,5.08,8.40346E-08,,5.08,5.079915965
5.09,10.08991504,,5.09,8.4118E-08,,5.09,5.089915882
5.1,10.09991496,,5.1,8.42014E-08,,5.1,5.099915799
5.11,10.10991487,,5.11,8.42847E-08,,5.11,5.109915715
5.12,10.11991479,,5.12,8.43681E-08,,5.12,5.119915632
5.13,10.1299147,,5.13,8.44515E-08,,5.13,5.129915549
5.14,10.13991462,,5.14,8.45348E-08,,5.14,5.139915465
5.15,10.14991454,,5.15,8.46182E-08,,5.15,5.149915382
5.16,10.15991445,,5.16,8.47016E-08,,5.16,5.159915298
5.17,10.16991437,,5.17,8.4785E-08,,5.17,5.169915215
5.18,10.17991428,,5.18,8.48683E-08,,5.18,5.179915132
5.19,10.1899142,,5.19,8.49517E-08,,5.19,5.189915048
5.2,10.19991411,,5.2,8.50351E-08,,5.2,5.199914965
5.21,10.20991403,,5.21,8.51185E-08,,5.21,5.209914882
5.22,10.21991395,,5.22,8.52018E-08,,5.22,5.219914798
5.23,10.22991386,,5.23,8.52852E-08,,5.23,5.229914715
5.24,10.23991378,,5.24,8.53686E-08,,5.24,5.239914631
5.25,10.24991369,,5.25,8.54519E-08,,5.25,5.249914548
5.26,10.25991361,,5.26,8.55353E-08,,5.26,5.259914465
5.27,10.26991353,,5.27,8.56187E-08,,5.27,5.269914381
5.28,10.27991344,,5.28,8.57021E-08,,5.28,5.279914298
5.29,10.28991336,,5.29,8.57854E-08,,5.29,5.289914215
5.3,10.29991327,,5.3,8.58688E-08,,5.3,5.299914131
5.31,10.30991319,,5.31,8.59522E-08,,5.31,5.309914048
5.32,10.3199131,,5.32,8.60356E-08,,5.32,5.319913964
5.33,10.32991302,,5.33,8.61189E-08,,5.33,5.329913881
5.34,10.33991294,,5.34,8.62023E-08,,5.34,5.339913798
5.35,10.34991285,,5.35,8.62857E-08,,5.35,5.349913714
5.36,10.35991277,,5.36,8.6369E-08,,5.36,5.359913631
5.37,10.36991268,,5.37,8.64524E-08,,5.37,5.369913548
5.38,10.3799126,,5.38,8.65358E-08,,5.38,5.379913464
5.39,10.38991251,,5.39,8.66192E-08,,5.39,5.389913381
5.4,10.39991243,,5.4,8.67025E-08,,5.4,5.399913297
5.41,10.40991235,,5.41,8.67859E-08,,5.41,5.409913214
5.42,10.41991226,,5.42,8.68693E-08,,5.42,5.419913131
5.43,10.42991218,,5.43,8.69527E-08,,5.43,5.429913047
5.44,10.43991209,,5.44,8.7036E-08,,5.44,5.439912964
5.45,10.44991201,,5.45,8.71194E-08,,5.45,5.449912881
5.46,10.45991193,,5.46,8.72028E-08,,5.46,5.459912797
5.47,10.46991184,,5.47,8.72861E-08,,5.47,5.469912714
5.48,10.47991176,,5.48,8.73695E-08,,5.48,5.47991263
5.49,10.48991167,,5.49,8.74529E-08,,5.49,5.489912547
5.5,10.49991159,,5.5,8.75363E-08,,5.5,5.499912464
5.51,10.5099115,,5.51,8.76196E-08,,5.51,5.50991238
5.52,10.51991142,,5.52,8.7703E-08,,5.52,5.519912297
5.53,10.52991134,,5.53,8.77864E-08,,5.53,5.529912214
5.54,10.53991125,,5.54,8.78698E-08,,5.54,5.53991213
5.55,10.54991117,,5.55,8.79531E-08,,5.55,5.549912047
5.56,10.55991108,,5.56,8.80365E-08,,5.56,5.559911964
5.57,10.569911,,5.57,8.81199E-08,,5.57,5.56991188
5.58,10.57991091,,5.58,8.82032E-08,,5.58,5.579911797
5.59,10.58991083,,5.59,8.82866E-08,,5.59,5.589911713
5.6,10.59991075,,5.6,8.837E-08,,5.6,5.59991163
5.61,10.60991066,,5.61,8.84534E-08,,5.61,5.609911547
5.62,10.61991058,,5.62,8.85367E-08,,5.62,5.619911463
5.63,10.62991049,,5.63,8.86201E-08,,5.63,5.62991138
5.64,10.63991041,,5.64,8.87035E-08,,5.64,5.639911297
5.65,10.64991033,,5.65,8.87869E-08,,5.65,5.649911213
5.66,10.65991024,,5.66,8.88702E-08,,5.66,5.65991113
5.67,10.66991016,,5.67,8.89536E-08,,5.67,5.669911046
5.68,10.67991007,,5.68,8.9037E-08,,5.68,5.679910963
5.69,10.68990999,,5.69,8.91203E-08,,5.69,5.68991088
5.7,10.6999099,,5.7,8.92037E-08,,5.7,5.699910796
5.71,10.70990982,,5.71,8.92871E-08,,5.71,5.709910713
5.72,10.71990974,,5.72,8.93705E-08,,5.72,5.71991063
5.73,10.72990965,,5.73,8.94538E-08,,5.73,5.729910546
5.74,10.73990957,,5.74,8.95372E-08,,5.74,5.739910463
5.75,10.74990948,,5.75,8.96206E-08,,5.75,5.749910379
5.76,10.7599094,,5.76,8.9704E-08,,5.76,5.759910296
5.77,10.76990931,,5.77,8.97873E-08,,5.77,5.769910213
5.78,10.77990923,,5.78,8.98707E-08,,5.78,5.779910129
5.79,10.78990915,,5.79,8.99541E-08,,5.79,5.789910046
5.8,10.79990906,,5.8,9.00374E-08,,5.8,5.799909963
5.81,10.80990898,,5.81,9.01208E-08,,5.81,5.809909879
5.82,10.81990889,,5.82,9.02042E-08,,5.82,5.819909796
5.83,10.82990881,,5.83,9.02876E-08,,5.83,5.829909712
5.84,10.83990873,,5.84,9.03709E-08,,5.84,5.839909629
5.85,10.84990864,,5.85,9.04543E-08,,5.85,5.849909546
5.86,10.85990856,,5.86,9.05377E-08,,5.86,5.859909462
5.87,10.86990847,,5.87,9.06211E-08,,5.87,5.869909379
5.88,10.87990839,,5.88,9.07044E-08,,5.88,5.879909296
5.89,10.8899083,,5.89,9.07878E-08,,5.89,5.889909212
5.9,10.89990822,,5.9,9.08712E-08,,5.9,5.899909129
5.91,10.90990814,,5.91,9.09545E-08,,5.91,5.909909045
5.92,10.91990805,,5.92,9.10379E-08,,5.92,5.919908962
5.93,10.92990797,,5.93,9.11213E-08,,5.93,5.929908879
5.94,10.93990788,,5.94,9.12047E-08,,5.94,5.939908795
5.95,10.9499078,,5.95,9.1288E-08,,5.95,5.949908712
5.96,10.95990771,,5.96,9.13714E-08,,5.96,5.959908629
5.97,10.96990763,,5.97,9.14548E-08,,5.97,5.969908545
5.98,10.97990755,,5.98,9.15381E-08,,5.98,5.979908462
5.99,10.98990746,,5.99,9.16215E-08,,5.99,5.989908378
6,10.99990738,,6,9.17049E-08,,6,5.999908295
6.01,11.00990729,,6.01,9.17883E-08,,6.01,6.009908212
6.02,11.01990721,,6.02,9.18716E-08,,6.02,6.019908128
6.03,11.02990713,,6.03,9.1955E-08,,6.03,6.029908045
6.04,11.03990704,,6.04,9.20384E-08,,6.04,6.039907962
6.05,11.04990696,,6.05,9.21218E-08,,6.05,6.049907878
6.06,11.05990687,,6.06,9.22051E-08,,6.06,6.059907795
6.07,11.06990679,,6.07,9.22885E-08,,6.07,6.069907711
6.08,11.0799067,,6.08,9.23719E-08,,6.08,6.079907628
6.09,11.08990662,,6.09,9.24552E-08,,6.09,6.089907545
6.1,11.09990654,,6.1,9.25386E-08,,6.1,6.099907461
6.11,11.10990645,,6.11,9.2622E-08,,6.11,6.109907378
6.12,11.11990637,,6.12,9.27054E-08,,6.12,6.119907295
6.13,11.12990628,,6.13,9.27887E-08,,6.13,6.129907211
6.14,11.1399062,,6.14,9.28721E-08,,6.14,6.139907128
6.15,11.14990611,,6.15,9.29555E-08,,6.15,6.149907045
6.16,11.15990603,,6.16,9.30389E-08,,6.16,6.159906961
6.17,11.16990595,,6.17,9.31222E-08,,6.17,6.169906878
6.18,11.17990586,,6.18,9.32056E-08,,6.18,6.179906794
6.19,11.18990578,,6.19,9.3289E-08,,6.19,6.189906711
6.2,11.19990569,,6.2,9.33723E-08,,6.2,6.199906628
6.21,11.20990561,,6.21,9.34557E-08,,6.21,6.209906544
6.22,11.21990553,,6.22,9.35391E-08,,6.22,6.219906461
6.23,11.22990544,,6.23,9.36225E-08,,6.23,6.229906378
6.24,11.23990536,,6.24,9.37058E-08,,6.24,6.239906294
6.25,11.24990527,,6.25,9.37892E-08,,6.25,6.249906211
6.26,11.25990519,,6.26,9.38726E-08,,6.26,6.259906127
6.27,11.2699051,,6.27,9.3956E-08,,6.27,6.269906044
6.28,11.27990502,,6.28,9.40393E-08,,6.28,6.279905961
6.29,11.28990494,,6.29,9.41227E-08,,6.29,6.289905877
6.3,11.29990485,,6.3,9.42061E-08,,6.3,6.299905794
6.31,11.30990477,,6.31,9.42894E-08,,6.31,6.309905711
6.32,11.31990468,,6.32,9.43728E-08,,6.32,6.319905627
6.33,11.3299046,,6.33,9.44562E-08,,6.33,6.329905544
6.34,11.33990452,,6.34,9.45396E-08,,6.34,6.33990546
6.35,11.34990443,,6.35,9.46229E-08,,6.35,6.349905377
6.36,11.35990435,,6.36,9.47063E-08,,6.36,6.359905294
6.37,11.36990426,,6.37,9.47897E-08,,6.37,6.36990521
6.38,11.37990418,,6.38,9.48731E-08,,6.38,6.379905127
6.39,11.38990409,,6.39,9.49564E-08,,6.39,6.389905044
6.4,11.39990401,,6.4,9.50398E-08,,6.4,6.39990496
6.41,11.40990393,,6.41,9.51232E-08,,6.41,6.409904877
6.42,11.41990384,,6.42,9.52065E-08,,6.42,6.419904793
6.43,11.42990376,,6.43,9.52899E-08,,6.43,6.42990471
6.44,11.43990367,,6.44,9.53733E-08,,6.44,6.439904627
6.45,11.44990359,,6.45,9.54567E-08,,6.45,6.449904543
6.46,11.4599035,,6.46,9.554E-08,,6.46,6.45990446
6.47,11.46990342,,6.47,9.56234E-08,,6.47,6.469904377
6.48,11.47990334,,6.48,9.57068E-08,,6.48,6.479904293
6.49,11.48990325,,6.49,9.57902E-08,,6.49,6.48990421
6.5,11.49990317,,6.5,9.58735E-08,,6.5,6.499904126
6.51,11.50990308,,6.51,9.59569E-08,,6.51,6.509904043
6.52,11.519903,,6.52,9.60403E-08,,6.52,6.51990396
6.53,11.52990292,,6.53,9.61236E-08,,6.53,6.529903876
6.54,11.53990283,,6.54,9.6207E-08,,6.54,6.539903793
6.55,11.54990275,,6.55,9.62904E-08,,6.55,6.54990371
6.56,11.55990266,,6.56,9.63738E-08,,6.56,6.559903626
6.57,11.56990258,,6.57,9.64571E-08,,6.57,6.569903543
6.58,11.57990249,,6.58,9.65405E-08,,6.58,6.579903459
6.59,11.58990241,,6.59,9.66239E-08,,6.59,6.589903376
6.6,11.59990233,,6.6,9.67073E-08,,6.6,6.599903293
6.61,11.60990224,,6.61,9.67906E-08,,6.61,6.609903209
6.62,11.61990216,,6.62,9.6874E-08,,6.62,6.619903126
6.63,11.62990207,,6.63,9.69574E-08,,6.63,6.629903043
6.64,11.63990199,,6.64,9.70407E-08,,6.64,6.639902959
6.65,11.6499019,,6.65,9.71241E-08,,6.65,6.649902876
6.66,11.65990182,,6.66,9.72075E-08,,6.66,6.659902793
6.67,11.66990174,,6.67,9.72909E-08,,6.67,6.669902709
6.68,11.67990165,,6.68,9.73742E-08,,6.68,6.679902626
6.69,11.68990157,,6.69,9.74576E-08,,6.69,6.689902542
6.7,11.69990148,,6.7,9.7541E-08,,6.7,6.699902459
6.71,11.7099014,,6.71,9.76244E-08,,6.71,6.709902376
6.72,11.71990132,,6.72,9.77077E-08,,6.72,6.719902292
6.73,11.72990123,,6.73,9.77911E-08,,6.73,6.729902209
6.74,11.73990115,,6.74,9.78745E-08,,6.74,6.739902126
6.75,11.74990106,,6.75,9.79578E-08,,6.75,6.749902042
6.76,11.75990098,,6.76,9.80412E-08,,6.76,6.759901959
6.77,11.76990089,,6.77,9.81246E-08,,6.77,6.769901875
6.78,11.77990081,,6.78,9.8208E-08,,6.78,6.779901792
6.79,11.78990073,,6.79,9.82913E-08,,6.79,6.789901709
6.8,11.79990064,,6.8,9.83747E-08,,6.8,6.799901625
6.81,11.80990056,,6.81,9.84581E-08,,6.81,6.809901542
6.82,11.81990047,,6.82,9.85415E-08,,6.82,6.819901459
6.83,11.82990039,,6.83,9.86248E-08,,6.83,6.829901375
6.84,11.8399003,,6.84,9.87082E-08,,6.84,6.839901292
6.85,11.84990022,,6.85,9.87916E-08,,6.85,6.849901208
6.86,11.85990014,,6.86,9.88749E-08,,6.86,6.859901125
6.87,11.86990005,,6.87,9.89583E-08,,6.87,6.869901042
6.88,11.87989997,,6.88,9.90417E-08,,6.88,6.879900958
6.89,11.88989988,,6.89,9.91251E-08,,6.89,6.889900875
6.9,11.8998998,,6.9,9.92084E-08,,6.9,6.899900792
6.91,11.90989972,,6.91,9.92918E-08,,6.91,6.909900708
6.92,11.91989963,,6.92,9.93752E-08,,6.92,6.919900625
6.93,11.92989955,,6.93,9.94585E-08,,6.93,6.929900541
6.94,11.93989946,,6.94,9.95419E-08,,6.94,6.939900458
6.95,11.94989938,,6.95,9.96253E-08,,6.95,6.949900375
6.96,11.95989929,,6.96,9.97087E-08,,6.96,6.959900291
6.97,11.96989921,,6.97,9.9792E-08,,6.97,6.969900208
6.98,11.97989913,,6.98,9.98754E-08,,6.98,6.979900125
6.99,11.98989904,,6.99,9.99588E-08,,6.99,6.989900041
7,11.99989896,,7,1.00042E-07,,7,6.999899958
